kolesa_id,kolesa_url,parsed_at,brand,model,generation,year,city,body_type,fuel_type,engine_volume,mileage,transmission,drive_type,steering_wheel,color,kz_registration,imgs_count,price,img_filename,img_url,found_img
222432216,https://kolesa.kz/a/show/222432216?search_id=6412ae5af438c420dd2d6252c2a2f94e7531b1b2&search_type=filter&advert_position=1,2026-06-06 00:37:38.443672+03:00,Chevrolet,Cobalt,"    2020 - н.в. 2 поколение рестайлинг
",2020,"
                                    Астана, Акмолинская область

                            ","    Седан
",бензин,1.5,130000,"    Механика
","    Передний привод
","    Слева
",,"    Да
",11,3999999,222432216.webp,https://kolesa-photos.kcdn.online/webp/25/25a1721a-5a17-46ad-9265-a1f405bf9c35/1-750x470.webp,True
222150848,https://kolesa.kz/a/show/222150848?search_id=6412ae5af438c420dd2d6252c2a2f94e7531b1b2&search_type=filter&advert_position=2,2026-06-06 00:37:45.629658+03:00,Chevrolet,Tracker,"    2013 - 2017 3 поколение
",2014,"
                                    Алматы, Алматинская область

                            ","    Кроссовер
",бензин,1.8,164000,"    Автомат
","    Полный привод
","    Слева
","
                                        серый металлик
                                    ","    Да
",24,4800000,222150848.webp,https://kolesa-photos.kcdn.online/webp/a3/a3b1360c-4f44-47ef-8ff0-a1eea1598659/4-750x470.webp,True
221413616,https://kolesa.kz/a/show/221413616?search_id=6412ae5af438c420dd2d6252c2a2f94e7531b1b2&search_type=filter&advert_position=3,2026-06-06 00:37:51.516717+03:00,Chevrolet,Malibu,"    2018 - н.в. 9 поколение рестайлинг
",2022,"
                                    Алматы, Алматинская область

                            ","    Седан
",бензин,2.0,64000,"    Автомат
","    Передний привод
","    Слева
","
                                        белый металлик
                                    ","    Да
",28,12500000,221413616.webp,https://kolesa-photos.kcdn.online/webp/f1/f168d5f7-51b1-484e-a380-a1df5c749eb0/4-750x470.webp,True
222428149,https://kolesa.kz/a/show/222428149?search_id=6412ae5af438c420dd2d6252c2a2f94e7531b1b2&search_type=filter&advert_position=4,2026-06-06 00:38:00.064099+03:00,Chevrolet,Cobalt,"    2020 - н.в. 2 поколение рестайлинг
",2025,"
                                    Павлодар, Павлодарская область

                            ","    Седан
",бензин,1.5,26000,"    Автомат
","    Передний привод
","    Слева
","
                                        серый 
                                    ","    Да
",13,6100000,222428149.webp,https://kolesa-photos.kcdn.online/webp/9e/9ed3d6cc-f531-4c2e-8d24-a1f3e2aab333/8-750x470.webp,True
222428746,https://kolesa.kz/a/show/222428746?search_id=6412ae5af438c420dd2d6252c2a2f94e7531b1b2&search_type=filter&advert_position=5,2026-06-06 00:38:09.761614+03:00,Chevrolet,Camaro,"    2009 - 2013 5 поколение
",2010,"
                                    Атырау, Атырауская область

                            ","    Купе
",бензин,3.6,170000,"    Автомат
","    Задний привод
","    Слева
","
                                        серый 
                                    ","    Нет
",13,7300000,222428746.webp,https://kolesa-photos.kcdn.online/webp/f5/f580cb93-d770-4949-b395-a1f3e67fda7c/4-750x470.webp,True
220768966,https://kolesa.kz/a/show/220768966?search_id=6412ae5af438c420dd2d6252c2a2f94e7531b1b2&search_type=filter&advert_position=7,2026-06-06 00:38:23.107890+03:00,Chevrolet,Aveo,"    2011 - 2015 T300
",2015,"
                                    Алматы, Алматинская область

                            ","    Седан
",бензин,1.6,200000,"    Автомат
","    Передний привод
","    Слева
","
                                        серебристый металлик
                                    ","    Да
",20,3600000,220768966.webp,https://kolesa-photos.kcdn.online/webp/52/52ee360a-d915-4545-ad01-a1d2afb7f42e/3-750x470.webp,True
222231430,https://kolesa.kz/a/show/222231430?search_id=6412ae5af438c420dd2d6252c2a2f94e7531b1b2&search_type=filter&advert_position=8,2026-06-06 00:38:32.470582+03:00,Chevrolet,Malibu,"    2018 - н.в. 9 поколение рестайлинг
",2020,"
                                    Шымкент, Туркестанская область

                            ","    Седан
",бензин,2.0,200000,"    Автомат
","    Передний привод
","    Слева
","
                                        черный металлик
                                    ","    Да
",15,9500000,222231430.webp,https://kolesa-photos.kcdn.online/webp/22/2293911e-b612-4a98-9891-a1efcf9bda21/2-750x470.webp,True
222425757,https://kolesa.kz/a/show/222425757?search_id=6412ae5af438c420dd2d6252c2a2f94e7531b1b2&search_type=filter&advert_position=9,2026-06-06 00:38:41.357083+03:00,Chevrolet,Nexia,"    2020 - н.в. 1 поколение
",2021,"
                                    Актобе, Актюбинская область

                            ","    Седан
",бензин,1.5,170000,"    Автомат
","    Передний привод
","    Слева
","
                                        синий 
                                    ","    Да
",5,4700000,222425757.webp,https://kolesa-photos.kcdn.online/webp/b2/b2edafd2-9425-4add-94b5-a1f3d592e1fe/2-750x470.webp,True
222424187,https://kolesa.kz/a/show/222424187?search_id=6412ae5af438c420dd2d6252c2a2f94e7531b1b2&search_type=filter&advert_position=11,2026-06-06 00:38:56.317211+03:00,Chevrolet,Cobalt,"    2020 - н.в. 2 поколение рестайлинг
",2022,"
                                    Сарыагаш, Туркестанская область

                            ","    Седан
",бензин,1.5,130000,"    Автомат
","    Передний привод
","    Слева
","
                                        белый 
                                    ","    Да
",29,5200000,222424187.webp,https://kolesa-photos.kcdn.online/webp/a3/a351f569-49c4-4b7e-8234-a1f3cdccb421/4-750x470.webp,True
222013014,https://kolesa.kz/a/show/222013014?search_id=6412ae5af438c420dd2d6252c2a2f94e7531b1b2&search_type=filter&advert_position=12,2026-06-06 00:39:06.261611+03:00,Chevrolet,Monza,"    2022 - н.в. 2 поколение рестайлинг
",2023,"
                                    Усть-Каменогорск, Восточно-Казахстанская область

                            ","    Седан
",бензин,1.5,46000,"    Робот
","    Передний привод
","    Слева
","
                                        черный металлик
                                    ","    Да
",11,7600000,222013014.webp,https://kolesa-photos.kcdn.online/webp/b7/b7bbf7c0-92db-4a67-a1f7-a1eb8fa34aa5/2-750x470.webp,True
222424020,https://kolesa.kz/a/show/222424020?search_id=6412ae5af438c420dd2d6252c2a2f94e7531b1b2&search_type=filter&advert_position=13,2026-06-06 00:39:14.451311+03:00,Chevrolet,Nexia,"    2020 - н.в. 1 поколение
",2020,"
                                    Уральск, Западно-Казахстанская область

                            ","    Седан
",бензин,1.5,74000,"    Автомат
","    Передний привод
","    Слева
","
                                        серебристый металлик
                                    ","    Да
",26,4300000,222424020.webp,https://kolesa-photos.kcdn.online/webp/c7/c7180ae2-c08c-4449-b202-a1f3cd0a3b74/1-750x470.webp,True
222422191,https://kolesa.kz/a/show/222422191?search_id=6412ae5af438c420dd2d6252c2a2f94e7531b1b2&search_type=filter&advert_position=14,2026-06-06 00:39:23.093784+03:00,Chevrolet,Cruze,"    2012 - 2015 J300 рестайлинг
",2014,"
                                    Астана, Акмолинская область

                            ","    Седан
",бензин,1.8,164671,"    Автомат
","    Передний привод
","    Слева
","
                                        черный металлик
                                    ","    Да
",12,3100000,222422191.webp,https://kolesa-photos.kcdn.online/webp/2c/2cb7ecf8-0ec8-4b67-a999-a1f3c52a508c/3-750x470.webp,True
222226342,https://kolesa.kz/a/show/222226342?search_id=6412ae5af438c420dd2d6252c2a2f94e7531b1b2&search_type=filter&advert_position=15,2026-06-06 00:39:32.224970+03:00,Chevrolet,Nexia,"    2020 - н.в. 1 поколение
",2021,"
                                    Костанай, Костанайская область

                            ","    Седан
",бензин,1.5,90000,"    Механика
","    Передний привод
","    Слева
","
                                        белый 
                                    ","    Да
",6,4200000,222226342.webp,https://kolesa-photos.kcdn.online/webp/5e/5e601349-e8ed-41c8-8fb3-a1efb9f37be4/2-750x470.webp,True
222422627,https://kolesa.kz/a/show/222422627?search_id=6412ae5af438c420dd2d6252c2a2f94e7531b1b2&search_type=filter&advert_position=16,2026-06-06 00:39:39.872026+03:00,Chevrolet,Lacetti,"    2004 - 2013 1 поколение (J200)
",2012,"
                                    Сарыагаш, Туркестанская область

                            ","    Седан
",бензин,1.6,350000,"    Механика
","    Передний привод
","    Слева
","
                                        белый 
                                    ","    Да
",16,3250000,222422627.webp,https://kolesa-photos.kcdn.online/webp/e5/e5118cc5-8d98-4b91-90b1-a1f3c6d83ade/3-750x470.webp,True
222423052,https://kolesa.kz/a/show/222423052?search_id=6412ae5af438c420dd2d6252c2a2f94e7531b1b2&search_type=filter&advert_position=17,2026-06-06 00:39:46.767919+03:00,Chevrolet,Cruze,"    2012 - 2015 J300 рестайлинг
",2012,"
                                    Алматы, Алматинская область

                            ","    Седан
",бензин,1.8,300000,"    Автомат
","    Передний привод
","    Слева
","
                                        серебристый металлик
                                    ","    Да
",10,3500000,222423052.webp,https://kolesa-photos.kcdn.online/webp/f6/f6b1b88b-2ade-4285-8e03-a1f3c8b397d5/4-750x470.webp,True
220586116,https://kolesa.kz/a/show/220586116?search_id=6412ae5af438c420dd2d6252c2a2f94e7531b1b2&search_type=filter&advert_position=18,2026-06-06 00:39:56.027230+03:00,Chevrolet,Cruze,"    2012 - 2015 J300 рестайлинг
",2013,"
                                    Алматы, Алматинская область

                            ","    Седан
",бензин,1.8,270000,"    Автомат
","    Передний привод
","    Слева
","
                                        серебристый 
                                    ","    Да
",11,2000000,220586116.webp,https://kolesa-photos.kcdn.online/webp/81/81f66650-92d7-457d-9424-a1cf2200ba46/4-750x470.webp,True
222073811,https://kolesa.kz/a/show/222073811?search_id=6412ae5af438c420dd2d6252c2a2f94e7531b1b2&search_type=filter&advert_position=19,2026-06-06 00:40:07.088529+03:00,Chevrolet,Cobalt,"    2011 - н.в. 2 поколение
",2020,"
                                    Талдыкорган, Жетысуская область

                            ","    Седан
",бензин,1.5,79533,"    Автомат
","    Передний привод
","    Слева
","
                                        красный 
                                    ","    Да
",27,4620000,222073811.webp,https://kolesa-photos.kcdn.online/webp/f3/f321a31d-cd67-44e8-9f48-a1ecfe703c6b/24-750x470.webp,True
222420743,https://kolesa.kz/a/show/222420743?search_id=6412ae5af438c420dd2d6252c2a2f94e7531b1b2&search_type=filter&advert_position=20,2026-06-06 00:40:14.290511+03:00,Chevrolet,Damas,"    2020 - н.в. 3 поколение
",2020,"
                                    Алматы, Алматинская область

                            ","    Микровэн
",бензин,0.8,43000,"    Механика
","    Задний привод
","    Слева
","
                                        белый 
                                    ","    Да
",14,3450000,222420743.webp,https://kolesa-photos.kcdn.online/webp/cd/cd850359-c9e8-4222-89a4-a1f3bf3cff8d/2-750x470.webp,True
222418646,https://kolesa.kz/a/show/222418646?search_id=d5147a5277e732c2b68ffb27c44e6821a59370b6&search_type=filter&advert_position=22,2026-06-06 00:40:40.232859+03:00,Chevrolet,Nexia,"    2020 - н.в. 1 поколение
",2020,"
                                    Астана, Акмолинская область

                            ","    Седан
",бензин,1.5,158000,"    Механика
","    Передний привод
","    Слева
","
                                        черный металлик
                                    ","    Да
",9,3450000,222418646.webp,https://kolesa-photos.kcdn.online/webp/62/62af64f8-df2a-481b-bc08-a1f3b6cc6179/3-750x470.webp,True
219918616,https://kolesa.kz/a/show/219918616?search_id=d5147a5277e732c2b68ffb27c44e6821a59370b6&search_type=filter&advert_position=23,2026-06-06 00:40:50.341646+03:00,Chevrolet,Spark,"    2009 - н.в. M300
",2018,"
                                    Петропавловск, Северо-Казахстанская область

                            ","    Хэтчбек
",бензин,1.0,94000,"    Вариатор
","    Передний привод
","    Слева
",,"    Да
",4,4800000,219918616.webp,https://kolesa-photos.kcdn.online/webp/c2/c29a47af-4b88-4887-933a-a1c282d55995/2-750x470.webp,True
221865038,https://kolesa.kz/a/show/221865038?search_id=d5147a5277e732c2b68ffb27c44e6821a59370b6&search_type=filter&advert_position=24,2026-06-06 00:40:59.534570+03:00,Chevrolet,Nexia,"    2020 - н.в. 1 поколение
",2021,"
                                    Семей, Абайская область

                            ","    Седан
",бензин,1.5,108000,"    Механика
","    Передний привод
","    Слева
","
                                        белый 
                                    ","    Да
",7,3890000,221865038.webp,https://kolesa-photos.kcdn.online/webp/b3/b3d29629-82fb-468f-81e1-a1e8e6d7dc21/2-750x470.webp,True
222417142,https://kolesa.kz/a/show/222417142?search_id=d5147a5277e732c2b68ffb27c44e6821a59370b6&search_type=filter&advert_position=25,2026-06-06 00:41:09.733779+03:00,Chevrolet,Cobalt,"    2020 - н.в. 2 поколение рестайлинг
",2025,"
                                    Караганда, Карагандинская область

                            ","    Седан
",бензин,1.5,10000,"    Автомат
","    Передний привод
","    Слева
",,"    Да
",23,6020000,222417142.webp,https://kolesa-photos.kcdn.online/webp/f9/f93bbd93-f5da-4ad7-8f56-a1f3b0d5e9b7/23-750x470.webp,True
206975183,https://kolesa.kz/a/show/206975183?search_id=d5147a5277e732c2b68ffb27c44e6821a59370b6&search_type=filter&advert_position=26,2026-06-06 00:41:18.032303+03:00,Chevrolet,Cobalt,"    2020 - н.в. 2 поколение рестайлинг
",2023,"
                                    Алматы, Алматинская область

                            ","    Седан
",бензин,1.5,35000,"    Автомат
","    Передний привод
","    Слева
","
                                        белый металлик
                                    ","    Да
",21,4900000,206975183.webp,https://kolesa-photos.kcdn.online/webp/e2/e253a6cb-6700-4c49-ba8a-a0a0cf977c04/23-750x470.webp,True
221966393,https://kolesa.kz/a/show/221966393?search_id=d5147a5277e732c2b68ffb27c44e6821a59370b6&search_type=filter&advert_position=27,2026-06-06 00:41:24.263974+03:00,Chevrolet,Captiva,"    2013 - 2016 1 поколение [2-й рестайлинг] (C100/C140)
",2013,"
                                    Атырау, Атырауская область

                            ","    Кроссовер
",бензин,3.0,169111,"    Автомат
","    Полный привод
","    Слева
",,"    Да
",19,5000000,221966393.webp,https://kolesa-photos.kcdn.online/webp/52/5211dd63-e6c1-4073-a645-a1eae80692da/1-750x470.webp,True
215869357,https://kolesa.kz/a/show/215869357?search_id=d5147a5277e732c2b68ffb27c44e6821a59370b6&search_type=filter&advert_position=28,2026-06-06 00:41:30.888838+03:00,Chevrolet,Cobalt,"    2020 - н.в. 2 поколение рестайлинг
",2023,"
                                    Алматы, Алматинская область

                            ","    Седан
",бензин,1.5,24000,"    Автомат
","    Передний привод
","    Слева
","
                                        белый металлик
                                    ","    Да
",13,4900000,215869357.webp,https://kolesa-photos.kcdn.online/webp/79/79c3a79a-03a7-4209-9357-a172118e11db/12-750x470.webp,True
211885673,https://kolesa.kz/a/show/211885673?search_id=d5147a5277e732c2b68ffb27c44e6821a59370b6&search_type=filter&advert_position=29,2026-06-06 00:41:36.879473+03:00,Chevrolet,Cobalt,"    2020 - н.в. 2 поколение рестайлинг
",2023,"
                                    Алматы, Алматинская область

                            ","    Седан
",бензин,1.5,11000,"    Автомат
","    Передний привод
","    Слева
","
                                        белый металлик
                                    ","    Да
",8,4900000,211885673.webp,https://kolesa-photos.kcdn.online/webp/ef/efbc1f74-4687-44c2-8d4d-a1197ea1184d/54-750x470.webp,True
217634248,https://kolesa.kz/a/show/217634248?search_id=d5147a5277e732c2b68ffb27c44e6821a59370b6&search_type=filter&advert_position=30,2026-06-06 00:41:43.284834+03:00,Chevrolet,Cobalt,"    2020 - н.в. 2 поколение рестайлинг
",2023,"
                                    Алматы, Алматинская область

                            ","    Седан
",бензин,1.5,37000,"    Автомат
","    Передний привод
","    Слева
","
                                        белый металлик
                                    ","    Да
",19,4900000,217634248.webp,https://kolesa-photos.kcdn.online/webp/a9/a9fa0e13-a136-4db4-b488-a196b97ab021/4-750x470.webp,True
221951103,https://kolesa.kz/a/show/221951103?search_id=d5147a5277e732c2b68ffb27c44e6821a59370b6&search_type=filter&advert_position=31,2026-06-06 00:41:52.356546+03:00,Chevrolet,Nexia,"    2020 - н.в. 1 поколение
",2021,"
                                    Алматы, Алматинская область

                            ","    Седан
",бензин,1.5,130000,"    Механика
","    Передний привод
","    Слева
",,"    Да
",21,3400000,221951103.webp,https://kolesa-photos.kcdn.online/webp/77/77647c4d-283e-4e2e-a579-a1eab0afa089/4-750x470.webp,True
222067515,https://kolesa.kz/a/show/222067515?search_id=d5147a5277e732c2b68ffb27c44e6821a59370b6&search_type=filter&advert_position=32,2026-06-06 00:42:01.741981+03:00,Chevrolet,Equinox,"    2020 - н.в. 3 поколение рестайлинг
",2022,"
                                    Астана, Акмолинская область

                            ","    Кроссовер
",бензин,2.0,79835,"    Автомат
","    Полный привод
","    Слева
","
                                        серый 
                                    ","    Да
",31,10490000,222067515.webp,https://kolesa-photos.kcdn.online/webp/a3/a39ecf0f-31eb-406d-b4be-a1ece73f7072/30-750x470.webp,True
222415033,https://kolesa.kz/a/show/222415033?search_id=d5147a5277e732c2b68ffb27c44e6821a59370b6&search_type=filter&advert_position=33,2026-06-06 00:42:09.145383+03:00,Chevrolet,Tracker,"    2013 - 2017 3 поколение
",2014,"
                                    Астана, Акмолинская область

                            ","    Кроссовер
",бензин,1.8,140000,"    Автомат
","    Полный привод
","    Слева
","
                                        белый 
                                    ","    Да
",13,5000000,222415033.webp,https://kolesa-photos.kcdn.online/webp/72/728b553b-ab44-40ea-aeca-a1f3a8d5487e/4-750x470.webp,True
211238342,https://kolesa.kz/a/show/211238342?search_id=d5147a5277e732c2b68ffb27c44e6821a59370b6&search_type=filter&advert_position=34,2026-06-06 00:42:16.517509+03:00,Chevrolet,Cobalt,"    2020 - н.в. 2 поколение рестайлинг
",2023,"
                                    Алматы, Алматинская область

                            ","    Седан
",бензин,1.5,27000,"    Автомат
","    Передний привод
","    Слева
","
                                        белый металлик
                                    ","    Да
",12,4900000,211238342.webp,https://kolesa-photos.kcdn.online/webp/c9/c96bfa2f-1bac-433f-b702-a10965623369/70-750x470.webp,True
133590882,https://kolesa.kz/a/show/133590882?search_id=d5147a5277e732c2b68ffb27c44e6821a59370b6&search_type=filter&advert_position=35,2026-06-06 00:42:25.705215+03:00,Chevrolet,Traverse,"    2017 - н.в. 2 поколение
",2021,"
                                    Костанай, Костанайская область

                            ","    Кроссовер
",бензин,3.6,67000,"    Автомат
","    Полный привод
","    Слева
","
                                        серый металлик
                                    ","    Да
",24,18600000,133590882.webp,https://kolesa-photos.kcdn.online/webp/4a/4ab1a3f0-ffbf-4891-9570-8927e7a49b86/10-750x470.webp,True
222066243,https://kolesa.kz/a/show/222066243?search_id=d5147a5277e732c2b68ffb27c44e6821a59370b6&search_type=filter&advert_position=36,2026-06-06 00:42:37.997395+03:00,Chevrolet,Tracker,"    2013 - 2017 3 поколение
",2014,"
                                    Петропавловск, Северо-Казахстанская область

                            ","    Кроссовер
",бензин,1.8,110000,"    Автомат
","    Полный привод
","    Слева
",,"    Да
",13,5200000,222066243.webp,https://kolesa-photos.kcdn.online/webp/36/364ec603-cbe1-43b2-88ca-a1ece29579c2/4-750x470.webp,True
221911399,https://kolesa.kz/a/show/221911399?search_id=d5147a5277e732c2b68ffb27c44e6821a59370b6&search_type=filter&advert_position=37,2026-06-06 00:42:47.275924+03:00,Chevrolet,Onix,"    2019 - н.в. 2 поколение
",2023,"
                                    Шымкент, Туркестанская область

                            ","    Седан
",бензин,1.2,57000,"    Автомат
","    Передний привод
","    Слева
","
                                        белый 
                                    ","    Да
",34,5500000,221911399.webp,https://kolesa-photos.kcdn.online/webp/3e/3e82bc21-92a6-4362-bc8f-a1e98fd707e0/3-750x470.webp,True
220606336,https://kolesa.kz/a/show/220606336?search_id=d5147a5277e732c2b68ffb27c44e6821a59370b6&search_type=filter&advert_position=38,2026-06-06 00:42:57.717069+03:00,Chevrolet,Malibu,"    2011 - 2014 8 поколение
",2013,"
                                    Алматы, Алматинская область

                            ","    Седан
",бензин,2.4,350000,"    Автомат
","    Передний привод
","    Слева
","
                                        черный металлик
                                    ","    Да
",29,5100000,220606336.webp,https://kolesa-photos.kcdn.online/webp/74/743fb587-ca49-4774-9bb5-a1cf62e23cbd/4-750x470.webp,True
222386229,https://kolesa.kz/a/show/222386229?search_id=d5147a5277e732c2b68ffb27c44e6821a59370b6&search_type=filter&advert_position=39,2026-06-06 00:43:07.820662+03:00,Chevrolet,Nexia,"    2020 - н.в. 1 поколение
",2021,"
                                    Усть-Каменогорск, Восточно-Казахстанская область

                            ","    Седан
",бензин,1.5,190000,"    Автомат
","    Передний привод
","    Слева
","
                                        белый металлик
                                    ","    Да
",8,4000000,222386229.webp,https://kolesa-photos.kcdn.online/webp/dc/dc192951-790e-4480-8708-a1f3385418e1/1-750x470.webp,True
222354414,https://kolesa.kz/a/show/222354414?search_id=b4dbc0be958d1af489e6307b23422284a8b1c878&search_type=filter&advert_position=41,2026-06-06 00:43:30.018767+03:00,Chevrolet,Tahoe,"    2019 - н.в. 5 поколение (GMT T1XX)
",2022,"
                                    Алматы, Алматинская область

                            ","    Внедорожник
",бензин,5.3,94000,"    Автомат
","    Полный привод
","    Слева
",,"    Да
",8,33000000,222354414.webp,https://kolesa-photos.kcdn.online/webp/ff/ff1c9971-1cc6-46eb-ad19-a1f2b8f8f74b/1-750x470.webp,True
222283138,https://kolesa.kz/a/show/222283138?search_id=b4dbc0be958d1af489e6307b23422284a8b1c878&search_type=filter&advert_position=42,2026-06-06 00:43:37.144400+03:00,Chevrolet,Nexia,"    2020 - н.в. 1 поколение
",2020,"
                                    Алматы, Алматинская область

                            ","    Седан
",бензин,1.5,124000,"    Механика
","    Передний привод
","    Слева
","
                                        белый 
                                    ","    Да
",21,3490000,222283138.webp,https://kolesa-photos.kcdn.online/webp/55/553c270f-43b1-49f4-a025-a1f11fbc213b/2-750x470.webp,True
220297595,https://kolesa.kz/a/show/220297595?search_id=b4dbc0be958d1af489e6307b23422284a8b1c878&search_type=filter&advert_position=43,2026-06-06 00:43:47.025866+03:00,Chevrolet,Cobalt,"    2020 - н.в. 2 поколение рестайлинг
",2023,"
                                    Семей, Абайская область

                            ","    Седан
",бензин,1.5,77000,"    Автомат
","    Передний привод
","    Слева
","
                                        черный металлик
                                    ","    Да
",8,5800000,220297595.webp,https://kolesa-photos.kcdn.online/webp/3b/3bb1a395-6e87-489e-8e97-a1c96a7ce810/2-750x470.webp,True
221880446,https://kolesa.kz/a/show/221880446?search_id=b4dbc0be958d1af489e6307b23422284a8b1c878&search_type=filter&advert_position=44,2026-06-06 00:43:56.202974+03:00,Chevrolet,Lacetti,"    2013 - 2024 1 поколение рестайлинг
",2023,"
                                    Алматы, Алматинская область

                            ","    Седан
",бензин,1.5,109000,"    Автомат
","    Передний привод
","    Слева
","
                                        серебристый 
                                    ","    Да
",11,5400000,221880446.webp,https://kolesa-photos.kcdn.online/webp/2e/2e75522a-6037-4065-8de3-a1e922924656/2-750x470.webp,True
221190445,https://kolesa.kz/a/show/221190445?search_id=b4dbc0be958d1af489e6307b23422284a8b1c878&search_type=filter&advert_position=45,2026-06-06 00:44:03.466022+03:00,Chevrolet,Malibu,"    2015 - 2018 9 поколение
",2016,"
                                    Талдыкорган, Жетысуская область

                            ","    Седан
",бензин,1.5,217000,"    Автомат
","    Передний привод
","    Слева
",,"    Да
",11,6300000,221190445.webp,https://kolesa-photos.kcdn.online/webp/14/144fe3f0-72af-4b13-85bb-a1db1616032d/2-750x470.webp,True
220794233,https://kolesa.kz/a/show/220794233?search_id=b4dbc0be958d1af489e6307b23422284a8b1c878&search_type=filter&advert_position=46,2026-06-06 00:44:13.195745+03:00,Chevrolet,Cobalt,"    2020 - н.в. 2 поколение рестайлинг
",2022,"
                                    Актобе, Актюбинская область

                            ","    Седан
",бензин,1.5,118000,"    Автомат
","    Передний привод
","    Слева
","
                                        серебристый 
                                    ","    Да
",3,5000000,220794233.webp,https://kolesa-photos.kcdn.online/webp/f9/f9d3456b-e760-4506-9e54-a1d3042ba59b/2-750x470.webp,True
220467486,https://kolesa.kz/a/show/220467486?search_id=b4dbc0be958d1af489e6307b23422284a8b1c878&search_type=filter&advert_position=47,2026-06-06 00:44:22.638995+03:00,Chevrolet,Nexia,"    2020 - н.в. 1 поколение
",2022,"
                                    Шымкент, Туркестанская область

                            ","    Седан
",бензин,1.5,65000,"    Автомат
","    Передний привод
","    Слева
","
                                        белый металлик
                                    ","    Да
",10,4400000,220467486.webp,https://kolesa-photos.kcdn.online/webp/79/799d6222-de52-4f03-b60e-a1cd04eb8852/2-750x470.webp,True
221847587,https://kolesa.kz/a/show/221847587?search_id=b4dbc0be958d1af489e6307b23422284a8b1c878&search_type=filter&advert_position=48,2026-06-06 00:44:29.877012+03:00,Chevrolet,Cobalt,"    2020 - н.в. 2 поколение рестайлинг
",2023,"
                                    Алматы, Алматинская область

                            ","    Седан
",бензин,1.5,31000,"    Автомат
","    Передний привод
","    Слева
",,"    Да
",7,4900000,221847587.webp,https://kolesa-photos.kcdn.online/webp/ba/ba048c30-b52e-47c1-a1bb-a1e8a2d32b75/4-750x470.webp,True
221376067,https://kolesa.kz/a/show/221376067?search_id=b4dbc0be958d1af489e6307b23422284a8b1c878&search_type=filter&advert_position=49,2026-06-06 00:44:37.135038+03:00,Chevrolet,Orlando,"    2010 - 2015 1 поколение (J309)
",2015,"
                                    Кызылорда, Кызылординская область

                            ","    Минивэн
",бензин,1.8,385000,"    Автомат
","    Передний привод
","    Слева
","
                                        серебристый металлик
                                    ","    Да
",8,5900000,221376067.webp,https://kolesa-photos.kcdn.online/webp/21/213935ad-7ce8-491e-915b-a1ded4751cf1/10-750x470.webp,True
205176894,https://kolesa.kz/a/show/205176894?search_id=b4dbc0be958d1af489e6307b23422284a8b1c878&search_type=filter&advert_position=51,2026-06-06 00:44:52.329123+03:00,Chevrolet,Captiva,"    2011 - 2013 1 поколение рестайлинг (C100/C140)
",2012,"
                                    Павлодар, Павлодарская область

                            ","    Кроссовер
",бензин,3.0,157000,"    Автомат
","    Полный привод
","    Слева
","
                                        серый 
                                    ","    Да
",9,5500000,205176894.webp,https://kolesa-photos.kcdn.online/webp/29/29791b1a-35cd-433c-a799-a0747b0d2b4b/4-750x470.webp,True
222353851,https://kolesa.kz/a/show/222353851?search_id=b4dbc0be958d1af489e6307b23422284a8b1c878&search_type=filter&advert_position=52,2026-06-06 00:44:59.810654+03:00,Chevrolet,Cobalt,"    2020 - н.в. 2 поколение рестайлинг
",2025,"
                                    Рудный, Костанайская область

                            ","    Седан
",бензин,1.5,16000,"    Автомат
","    Передний привод
","    Слева
",,"    Да
",9,6700000,222353851.webp,https://kolesa-photos.kcdn.online/webp/0a/0a65b7c2-f28f-4edc-9fc4-a1f2b6375191/2-750x470.webp,True
222327836,https://kolesa.kz/a/show/222327836?search_id=b4dbc0be958d1af489e6307b23422284a8b1c878&search_type=filter&advert_position=53,2026-06-06 00:45:08.953915+03:00,Chevrolet,Cobalt,"    2020 - н.в. 2 поколение рестайлинг
",2021,"
                                    Шымкент, Туркестанская область

                            ","    Седан
",бензин,1.5,127000,"    Механика
","    Передний привод
","    Слева
","
                                        синий 
                                    ","    Да
",13,4500000,222327836.webp,https://kolesa-photos.kcdn.online/webp/ba/bacbb324-6732-497b-87ae-a1f1be994b94/3-750x470.webp,True
210763921,https://kolesa.kz/a/show/210763921?search_id=b4dbc0be958d1af489e6307b23422284a8b1c878&search_type=filter&advert_position=54,2026-06-06 00:45:17.151119+03:00,Chevrolet,Silverado,"    2022 - н.в. GMT T1XX рестайлинг
",2022,"
                                    Астана, Акмолинская область

                            ","    Пикап
",бензин,2.7,30000,"    Автомат
","    Полный привод
","    Слева
",,"    Да
",11,30000000,210763921.webp,https://kolesa-photos.kcdn.online/webp/66/6668c632-3c9c-4436-9b47-a0fdbf10dc43/27-750x470.webp,True
222034163,https://kolesa.kz/a/show/222034163?search_id=b4dbc0be958d1af489e6307b23422284a8b1c878&search_type=filter&advert_position=55,2026-06-06 00:45:24.945482+03:00,Chevrolet,Nexia,"    2020 - н.в. 1 поколение
",2023,"
                                    Атырау, Атырауская область

                            ","    Седан
",бензин,1.5,60000,"    Автомат
","    Передний привод
","    Слева
",,"    Да
",7,5000000,222034163.webp,https://kolesa-photos.kcdn.online/webp/55/5518b605-453e-4149-9911-a1ebef712267/2-750x470.webp,True
220331342,https://kolesa.kz/a/show/220331342?search_id=b4dbc0be958d1af489e6307b23422284a8b1c878&search_type=filter&advert_position=56,2026-06-06 00:45:33.350898+03:00,Chevrolet,Niva,"    2002 - 2009 1 поколение (2123)
",2007,"
                                    Темиртау, Карагандинская область

                            ","    Внедорожник
",бензин,1.7,333000,"    Механика
","    Полный привод
","    Слева
","
                                        черный 
                                    ","    Да
",6,2000000,220331342.webp,https://kolesa-photos.kcdn.online/webp/52/520f2435-0711-42bc-b1ae-a1ca7caf83a1/2-750x470.webp,True
221747298,https://kolesa.kz/a/show/221747298?search_id=b4dbc0be958d1af489e6307b23422284a8b1c878&search_type=filter&advert_position=57,2026-06-06 00:45:41.560886+03:00,Chevrolet,Aveo,"    2011 - 2015 T300
",2014,"
                                    Петропавловск, Северо-Казахстанская область

                            ","    Седан
",бензин,1.6,165000,"    Автомат
","    Передний привод
","    Слева
","
                                        серебристый металлик
                                    ","    Да
",7,3000000,221747298.webp,https://kolesa-photos.kcdn.online/webp/80/809b3584-cdf9-40e5-9d68-a1e65647a4b6/2-750x470.webp,True
202715360,https://kolesa.kz/a/show/202715360?search_id=b4dbc0be958d1af489e6307b23422284a8b1c878&search_type=filter&advert_position=58,2026-06-06 00:45:48.023030+03:00,Chevrolet,Cruze,"    2012 - 2015 J300 рестайлинг
",2014,"
                                    Уральск, Западно-Казахстанская область

                            ","    Седан
",бензин,1.8,250000,"    Автомат
","    Передний привод
","    Слева
",,"    Да
",11,3570000,202715360.webp,https://kolesa-photos.kcdn.online/webp/b2/b2c1d662-b3b1-4e62-a05b-a03a713cc906/15-750x470.webp,True
214829706,https://kolesa.kz/a/show/214829706?search_id=b4dbc0be958d1af489e6307b23422284a8b1c878&search_type=filter&advert_position=59,2026-06-06 00:45:53.683489+03:00,Chevrolet,Nexia,"    2020 - н.в. 1 поколение
",2021,"
                                    Семей, Абайская область

                            ","    Седан
",бензин,1.5,93000,"    Механика
","    Передний привод
","    Слева
","
                                        черный металлик
                                    ","    Да
",14,3800000,214829706.webp,https://kolesa-photos.kcdn.online/webp/20/208f1731-0943-4167-9b6a-a15bf2409755/2-750x470.webp,True
221774237,https://kolesa.kz/a/show/221774237?search_id=b4dbc0be958d1af489e6307b23422284a8b1c878&search_type=filter&advert_position=60,2026-06-06 00:46:00.831892+03:00,Chevrolet,Nexia,"    2020 - н.в. 1 поколение
",2021,"
                                    Астана, Акмолинская область

                            ","    Седан
",бензин,1.5,96000,"    Автомат
","    Передний привод
","    Слева
","
                                        серебристый металлик
                                    ","    Да
",20,5100000,221774237.webp,https://kolesa-photos.kcdn.online/webp/b0/b0064769-0eb0-4775-b552-a1e6ea78bcd7/2-750x470.webp,True
221774237,https://kolesa.kz/a/show/221774237?search_id=82d5e8ad794a72d27b96c5a88cbf32bc9ae3b889&search_type=filter&advert_position=61,2026-06-06 00:46:13.426192+03:00,Chevrolet,Nexia,"    2020 - н.в. 1 поколение
",2021,"
                                    Астана, Акмолинская область

                            ","    Седан
",бензин,1.5,96000,"    Автомат
","    Передний привод
","    Слева
","
                                        серебристый металлик
                                    ","    Да
",20,5100000,221774237.webp,https://kolesa-photos.kcdn.online/webp/b0/b0064769-0eb0-4775-b552-a1e6ea78bcd7/2-750x470.webp,True
221881805,https://kolesa.kz/a/show/221881805?search_id=82d5e8ad794a72d27b96c5a88cbf32bc9ae3b889&search_type=filter&advert_position=62,2026-06-06 00:46:19.846981+03:00,Chevrolet,Tahoe,"    2019 - н.в. 5 поколение (GMT T1XX)
",2022,"
                                    Алматы, Алматинская область

                            ","    Внедорожник
",бензин,5.3,107000,"    Автомат
","    Полный привод
","    Слева
","
                                        черный металлик
                                    ","    Да
",8,38500000,221881805.webp,https://kolesa-photos.kcdn.online/webp/f4/f490ffe9-54ff-4284-8225-a1e927aca1e0/2-750x470.webp,True
218940584,https://kolesa.kz/a/show/218940584?search_id=82d5e8ad794a72d27b96c5a88cbf32bc9ae3b889&search_type=filter&advert_position=63,2026-06-06 00:46:28.436291+03:00,Chevrolet,Onix,"    2019 - н.в. 2 поколение
",2025,"
                                    Астана, Акмолинская область

                            ","    Седан
",бензин,1.2,15800,"    Автомат
","    Передний привод
","    Слева
","
                                        белый металлик
                                    ","    Да
",7,5900000,218940584.webp,https://kolesa-photos.kcdn.online/webp/ef/ef8a6de6-a174-421a-9e2b-a1aeeb213c02/4-750x470.webp,True
221698998,https://kolesa.kz/a/show/221698998?search_id=82d5e8ad794a72d27b96c5a88cbf32bc9ae3b889&search_type=filter&advert_position=64,2026-06-06 00:46:38.636347+03:00,Chevrolet,Cruze,"    2012 - 2015 J300 рестайлинг
",2013,"
                                    Алматы, Алматинская область

                            ","    Седан
",бензин,1.6,225000,"    Механика
","    Передний привод
","    Слева
",,"    Да
",5,2600000,221698998.webp,https://kolesa-photos.kcdn.online/webp/da/daca1ab1-b50a-4fc6-960d-a1e535fde643/1-750x470.webp,True
202606142,https://kolesa.kz/a/show/202606142?search_id=82d5e8ad794a72d27b96c5a88cbf32bc9ae3b889&search_type=filter&advert_position=73,2026-06-06 00:49:18.814961+03:00,Chevrolet,Captiva,"    2018 - н.в. 2 поколение
",2022,"
                                    Актобе, Актюбинская область

                            ","    Внедорожник
",бензин,1.5,35000,"    Вариатор
","    Передний привод
","    Слева
","
                                        белый 
                                    ","    Да
",8,9200000,202606142.webp,https://kolesa-photos.kcdn.online/webp/fa/faa4aad2-8131-449b-87bf-a038135a184d/4-750x470.webp,True
222345488,https://kolesa.kz/a/show/222345488?search_id=82d5e8ad794a72d27b96c5a88cbf32bc9ae3b889&search_type=filter&advert_position=74,2026-06-06 00:49:25.918412+03:00,Chevrolet,Cobalt,"    2020 - н.в. 2 поколение рестайлинг
",2025,"
                                    Астана, Акмолинская область

                            ","    Седан
",бензин,1.5,2000,"    Автомат
","    Передний привод
","    Слева
",,"    Да
",4,6550000,222345488.webp,https://kolesa-photos.kcdn.online/webp/15/15032fc9-e29c-45ea-82c0-a1f2865ef129/2-750x470.webp,True
221455851,https://kolesa.kz/a/show/221455851?search_id=82d5e8ad794a72d27b96c5a88cbf32bc9ae3b889&search_type=filter&advert_position=75,2026-06-06 00:49:33.447860+03:00,Chevrolet,Aveo,"    2011 - 2015 T300
",2012,"
                                    Шымкент, Туркестанская область

                            ","    Хэтчбек
",бензин,1.6,182000,"    Автомат
","    Передний привод
","    Слева
",,"    Да
",5,2900000,221455851.webp,https://kolesa-photos.kcdn.online/webp/c8/c876c051-d151-4a7a-b24e-a1e08dfa4b5d/5-750x470.webp,True
221429222,https://kolesa.kz/a/show/221429222?search_id=82d5e8ad794a72d27b96c5a88cbf32bc9ae3b889&search_type=filter&advert_position=76,2026-06-06 00:49:40.667446+03:00,Chevrolet,Cobalt,"    2020 - н.в. 2 поколение рестайлинг
",2023,"
                                    Тараз, Жамбылская область

                            ","    Седан
",бензин,1.5,104000,"    Автомат
","    Передний привод
","    Слева
","
                                        черный 
                                    ","    Да
",7,5400000,221429222.webp,https://kolesa-photos.kcdn.online/webp/5c/5cfc2fc5-cbb5-4e73-a44a-a1df934ee38e/7-750x470.webp,True
221387163,https://kolesa.kz/a/show/221387163?search_id=82d5e8ad794a72d27b96c5a88cbf32bc9ae3b889&search_type=filter&advert_position=77,2026-06-06 00:49:48.904495+03:00,Chevrolet,Traverse,"    2017 - н.в. 2 поколение
",2022,"
                                    Алматы, Алматинская область

                            ","    Кроссовер
",бензин,3.6,49000,"    Автомат
","    Полный привод
","    Слева
","
                                        белый 
                                    ","    Да
",41,18500000,221387163.webp,https://kolesa-photos.kcdn.online/webp/59/59350128-aa99-42b6-b2f8-a1defd38922f/2-750x470.webp,True
222250958,https://kolesa.kz/a/show/222250958?search_id=82d5e8ad794a72d27b96c5a88cbf32bc9ae3b889&search_type=filter&advert_position=78,2026-06-06 00:49:57.386157+03:00,Chevrolet,Malibu,"    2018 - н.в. 9 поколение рестайлинг
",2022,"
                                    Астана, Акмолинская область

                            ","    Седан
",бензин,2.0,105000,"    Автомат
","    Передний привод
","    Слева
","
                                        белый 
                                    ","    Да
",21,10500000,222250958.webp,https://kolesa-photos.kcdn.online/webp/05/05471741-1a44-4c21-a67d-a1f0a8567208/4-750x470.webp,True
222214839,https://kolesa.kz/a/show/222214839?search_id=82d5e8ad794a72d27b96c5a88cbf32bc9ae3b889&search_type=filter&advert_position=79,2026-06-06 00:50:06.301176+03:00,Chevrolet,Cobalt,"    2020 - н.в. 2 поколение рестайлинг
",2024,"
                                    Актау, Мангистауская область

                            ","    Седан
",бензин,1.5,12000,"    Автомат
","    Передний привод
","    Слева
","
                                        серый металлик
                                    ","    Да
",7,6500000,222214839.webp,https://kolesa-photos.kcdn.online/webp/f8/f80a0c76-b12b-4a2a-9589-a1ef916f8e1d/3-750x470.webp,True
218670143,https://kolesa.kz/a/show/218670143?search_id=82d5e8ad794a72d27b96c5a88cbf32bc9ae3b889&search_type=filter&advert_position=80,2026-06-06 00:50:14.784566+03:00,Chevrolet,Cruze,"    2012 - 2015 J300 рестайлинг
",2014,"
                                    Алматы, Алматинская область

                            ","    Хэтчбек
",бензин,1.8,105000,"    Автомат
","    Передний привод
","    Слева
","
                                        белый металлик
                                    ","    Да
",8,4100000,218670143.webp,https://kolesa-photos.kcdn.online/webp/51/517ad2d8-e050-491c-a7d8-a1a95461d26d/9-750x470.webp,True
222212232,https://kolesa.kz/a/show/222212232?search_id=d7eddc3d0bac68ede6b25a044a58d2a559318627&search_type=filter&advert_position=81,2026-06-06 00:50:28.513181+03:00,Chevrolet,Monza,"    2022 - н.в. 2 поколение рестайлинг
",2023,"
                                    Уральск, Западно-Казахстанская область

                            ","    Седан
",бензин,1.4,42000,"    Автомат
","    Передний привод
","    Слева
",,"    Да
",5,7000000,222212232.webp,https://kolesa-photos.kcdn.online/webp/3b/3bbbe357-6e65-45ef-a2a2-a1ef885b0d5e/2-750x470.webp,True
222183659,https://kolesa.kz/a/show/222183659?search_id=d7eddc3d0bac68ede6b25a044a58d2a559318627&search_type=filter&advert_position=82,2026-06-06 00:50:37.156632+03:00,Chevrolet,Onix,"    2019 - н.в. 2 поколение
",2023,"
                                    Алматы, Алматинская область

                            ","    Седан
",бензин,1.0,120000,"    Автомат
","    Передний привод
","    Слева
","
                                        серебристый металлик
                                    ","    Да
",7,5200000,222183659.webp,https://kolesa-photos.kcdn.online/webp/c4/c442f721-fe01-469c-98b5-a1ef1d8a535c/3-750x470.webp,True
222131744,https://kolesa.kz/a/show/222131744?search_id=d7eddc3d0bac68ede6b25a044a58d2a559318627&search_type=filter&advert_position=83,2026-06-06 00:50:46.054850+03:00,Chevrolet,Lacetti,"    2004 - 2013 1 поколение (J200)
",2008,"
                                    Рудный, Костанайская область

                            ","    Хэтчбек
",бензин,1.4,200000,"    Механика
","    Передний привод
","    Слева
",,"    Да
",9,2100000,222131744.webp,https://kolesa-photos.kcdn.online/webp/e7/e7c58623-5f43-4359-8c1b-a1edcd7ed861/2-750x470.webp,True
222143431,https://kolesa.kz/a/show/222143431?search_id=d7eddc3d0bac68ede6b25a044a58d2a559318627&search_type=filter&advert_position=84,2026-06-06 00:50:55.234129+03:00,Chevrolet,Cobalt,"    2011 - н.в. 2 поколение
",2023,"
                                    Астана, Акмолинская область

                            ","    Седан
",бензин,1.5,56000,"    Автомат
","    Передний привод
","    Слева
","
                                        коричневый 
                                    ","    Да
",4,5000000,222143431.webp,https://kolesa-photos.kcdn.online/webp/c9/c9b8dd6b-ada2-4a9d-a065-a1ee759a684c/1-750x470.webp,True
212591342,https://kolesa.kz/a/show/212591342?search_id=d7eddc3d0bac68ede6b25a044a58d2a559318627&search_type=filter&advert_position=85,2026-06-06 00:51:02.118444+03:00,Chevrolet,Onix,"    2019 - н.в. 2 поколение
",2025,"
                                    Алматы, Алматинская область

                            ","    Седан
",бензин,1.2,24000,"    Автомат
","    Передний привод
","    Слева
","
                                        серый 
                                    ","    Да
",24,6200000,212591342.webp,https://kolesa-photos.kcdn.online/webp/c9/c9f90d88-ddb3-4f6c-8555-a128073cb23e/4-750x470.webp,True
211248908,https://kolesa.kz/a/show/211248908?search_id=d7eddc3d0bac68ede6b25a044a58d2a559318627&search_type=filter&advert_position=86,2026-06-06 00:51:09.014480+03:00,Chevrolet,Monza,"    2022 - н.в. 2 поколение рестайлинг
",2023,"
                                    Шымкент, Туркестанская область

                            ","    Седан
",бензин,1.5,22000,"    Робот
","    Передний привод
","    Слева
",,"    Да
",15,7200000,211248908.webp,https://kolesa-photos.kcdn.online/webp/3e/3e22e1e0-8e22-4701-9614-a10991b12729/13-750x470.webp,True
222073997,https://kolesa.kz/a/show/222073997?search_id=d7eddc3d0bac68ede6b25a044a58d2a559318627&search_type=filter&advert_position=87,2026-06-06 00:51:16.775400+03:00,Chevrolet,Lacetti,"    2013 - 2024 1 поколение рестайлинг
",2023,"
                                    Караганда, Карагандинская область

                            ","    Седан
",бензин,1.5,78000,"    Автомат
","    Передний привод
","    Слева
","
                                        серый 
                                    ","    Да
",19,6000000,222073997.webp,https://kolesa-photos.kcdn.online/webp/b0/b08c3b8a-412a-4267-8038-a1ecff220477/1-750x470.webp,True
215805244,https://kolesa.kz/a/show/215805244?search_id=d7eddc3d0bac68ede6b25a044a58d2a559318627&search_type=filter&advert_position=88,2026-06-06 00:51:23.478004+03:00,Chevrolet,Malibu,"    2018 - н.в. 9 поколение рестайлинг
",2020,"
                                    Астана, Акмолинская область

                            ","    Седан
",бензин,2.0,180000,"    Автомат
","    Передний привод
","    Слева
","
                                        черный 
                                    ","    Да
",10,8000000,215805244.webp,https://kolesa-photos.kcdn.online/webp/92/92c2024d-eb24-42ee-854e-a17083ab0f0d/20-750x470.webp,True
176709529,https://kolesa.kz/a/show/176709529?search_id=d7eddc3d0bac68ede6b25a044a58d2a559318627&search_type=filter&advert_position=89,2026-06-06 00:51:29.427457+03:00,Chevrolet,Cruze,"    2012 - 2015 J300 рестайлинг
",2014,"
                                    Экибастуз, Павлодарская область

                            ","    Седан
",бензин,1.8,70000,"    Автомат
","    Передний привод
","    Слева
","
                                        белый 
                                    ","    Да
",3,3500000,176709529.webp,https://kolesa-photos.kcdn.online/webp/d8/d8909f27-04c2-489a-929f-9d360d79d55a/2-750x470.webp,True
218130203,https://kolesa.kz/a/show/218130203?search_id=d7eddc3d0bac68ede6b25a044a58d2a559318627&search_type=filter&advert_position=90,2026-06-06 00:51:35.030890+03:00,Chevrolet,Tracker,"    2013 - 2017 3 поколение
",2014,"
                                    Рудный, Костанайская область

                            ","    Кроссовер
",бензин,1.8,235000,"    Механика
","    Передний привод
","    Слева
","
                                        белый 
                                    ","    Да
",5,4200000,218130203.webp,https://kolesa-photos.kcdn.online/webp/93/93b2c18f-2925-46fc-aacc-a1a0105d351f/2-750x470.webp,True
221457276,https://kolesa.kz/a/show/221457276?search_id=d7eddc3d0bac68ede6b25a044a58d2a559318627&search_type=filter&advert_position=91,2026-06-06 00:51:42.749341+03:00,Chevrolet,Spark,"    2009 - н.в. M300
",2012,"
                                    Астана, Акмолинская область

                            ","    Хэтчбек
",бензин,1.0,160000,"    Автомат
","    Передний привод
","    Слева
",,"    Да
",5,3150000,221457276.webp,https://kolesa-photos.kcdn.online/webp/2e/2ef243b3-3d92-4e12-870c-a1e0962b9e68/2-750x470.webp,True
221919420,https://kolesa.kz/a/show/221919420?search_id=d7eddc3d0bac68ede6b25a044a58d2a559318627&search_type=filter&advert_position=92,2026-06-06 00:51:48.123575+03:00,Chevrolet,Nexia,"    2020 - н.в. 1 поколение
",2021,"
                                    Алматы, Алматинская область

                            ","    Седан
",бензин,1.5,115000,"    Автомат
","    Передний привод
","    Слева
","
                                        серый 
                                    ","    Да
",7,4700000,221919420.webp,https://kolesa-photos.kcdn.online/webp/2a/2a4056f9-000f-43b2-ae9f-a1e9ac1f163f/2-750x470.webp,True
221078774,https://kolesa.kz/a/show/221078774?search_id=d7eddc3d0bac68ede6b25a044a58d2a559318627&search_type=filter&advert_position=93,2026-06-06 00:51:54.467453+03:00,Chevrolet,Monza,"    2022 - н.в. 2 поколение рестайлинг
",2023,"
                                    Актобе, Актюбинская область

                            ","    Седан
",бензин,1.5,52000,"    Робот
","    Передний привод
","    Слева
",,"    Да
",7,6500000,221078774.webp,https://kolesa-photos.kcdn.online/webp/d1/d12bd98d-d6dc-4b22-a3c4-a1d8d40691f6/2-750x470.webp,True
218967751,https://kolesa.kz/a/show/218967751?search_id=d7eddc3d0bac68ede6b25a044a58d2a559318627&search_type=filter&advert_position=94,2026-06-06 00:52:01.115643+03:00,Chevrolet,Cobalt,"    2011 - н.в. 2 поколение
",2021,"
                                    Караганда, Карагандинская область

                            ","    Седан
",бензин,1.5,112335,"    Автомат
","    Передний привод
","    Слева
",,"    Да
",9,5100000,218967751.webp,https://kolesa-photos.kcdn.online/webp/d4/d4824bb7-56f3-4cd4-b190-a1af433a719c/2-750x470.webp,True
221434241,https://kolesa.kz/a/show/221434241?search_id=d7eddc3d0bac68ede6b25a044a58d2a559318627&search_type=filter&advert_position=95,2026-06-06 00:52:09.902069+03:00,Chevrolet,Cruze,"    2012 - 2015 J300 рестайлинг
",2012,"
                                    Сарыагаш, Туркестанская область

                            ","    Седан
",бензин,1.8,315000,"    Автомат
","    Передний привод
","    Слева
","
                                        серебристый 
                                    ","    Да
",11,3250000,221434241.webp,https://kolesa-photos.kcdn.online/webp/4d/4d4f0027-55d4-49ae-8a1c-a1dfa5d757fe/4-750x470.webp,True
222301790,https://kolesa.kz/a/show/222301790?search_id=d7eddc3d0bac68ede6b25a044a58d2a559318627&search_type=filter&advert_position=96,2026-06-06 00:52:15.662960+03:00,Chevrolet,Cobalt,"    2011 - н.в. 2 поколение
",2023,"
                                    Костанай, Костанайская область

                            ","    Седан
",бензин,1.5,32000,"    Механика
","    Передний привод
","    Слева
","
                                        серый металлик
                                    ","    Да
",9,5200000,222301790.webp,https://kolesa-photos.kcdn.online/webp/6f/6f186004-9774-4c40-951f-a1f166ae9e9d/3-750x470.webp,True
214780411,https://kolesa.kz/a/show/214780411?search_id=d7eddc3d0bac68ede6b25a044a58d2a559318627&search_type=filter&advert_position=98,2026-06-06 00:52:29.942939+03:00,Chevrolet,Onix,"    2019 - н.в. 2 поколение
",2023,"
                                    Караганда, Карагандинская область

                            ","    Седан
",бензин,1.2,86600,"    Механика
","    Передний привод
","    Слева
","
                                        серый металлик
                                    ","    Да
",12,4400000,214780411.webp,https://kolesa-photos.kcdn.online/webp/96/96e1fc0c-34cc-405a-9e7c-a15a78e431c9/9-750x470.webp,True
222210101,https://kolesa.kz/a/show/222210101?search_id=d7eddc3d0bac68ede6b25a044a58d2a559318627&search_type=filter&advert_position=99,2026-06-06 00:52:36.889609+03:00,Chevrolet,Nexia,"    2020 - н.в. 1 поколение
",2022,"
                                    Астана, Акмолинская область

                            ","    Седан
",бензин,1.5,90000,"    Механика
","    Передний привод
","    Слева
","
                                        коричневый металлик
                                    ","    Да
",9,4200000,222210101.webp,https://kolesa-photos.kcdn.online/webp/cb/cb529abd-555e-462d-b6d1-a1ef80df6d43/1-750x470.webp,True
216609356,https://kolesa.kz/a/show/216609356?search_id=d7eddc3d0bac68ede6b25a044a58d2a559318627&search_type=filter&advert_position=100,2026-06-06 00:52:45.954000+03:00,Chevrolet,Monza,"    2022 - н.в. 2 поколение рестайлинг
",2023,"
                                    Алматы, Алматинская область

                            ","    Седан
",бензин,1.5,39000,"    Робот
","    Передний привод
","    Слева
","
                                        белый 
                                    ","    Да
",19,6700000,216609356.webp,https://kolesa-photos.kcdn.online/webp/1c/1c9a9a46-bc7e-47df-be72-a18238980562/3-750x470.webp,True
222408319,https://kolesa.kz/a/show/222408319?search_id=f90d5de815bd46164772fe5be057f3b272061134&search_type=filter&advert_position=101,2026-06-06 00:53:00.755169+03:00,Chevrolet,Cobalt,"    2020 - н.в. 2 поколение рестайлинг
",2022,"
                                    Актау, Мангистауская область

                            ","    Седан
",бензин,1.5,137000,"    Механика
","    Передний привод
","    Слева
",,"    Да
",2,4500000,222408319.webp,https://kolesa-photos.kcdn.online/webp/25/25d85e4b-e0de-41ab-86f2-a1f38fbcb1e9/1-750x470.webp,True
220220748,https://kolesa.kz/a/show/220220748?search_id=f90d5de815bd46164772fe5be057f3b272061134&search_type=filter&advert_position=102,2026-06-06 00:53:09.780800+03:00,Chevrolet,Nexia,"    2020 - н.в. 1 поколение
",2021,"
                                    Караганда, Карагандинская область

                            ","    Седан
",бензин,1.5,236000,"    Автомат
","    Передний привод
","    Слева
","
                                        белый металлик
                                    ","    Да
",6,4300000,220220748.webp,https://kolesa-photos.kcdn.online/webp/be/bef76ad1-66f3-4082-8cde-a1c84ff7164b/3-750x470.webp,True
222396644,https://kolesa.kz/a/show/222396644?search_id=f90d5de815bd46164772fe5be057f3b272061134&search_type=filter&advert_position=103,2026-06-06 00:53:18.259871+03:00,Chevrolet,Onix,"    2019 - н.в. 2 поколение
",2023,"
                                    Караганда, Карагандинская область

                            ","    Седан
",бензин,1.2,194000,"    Механика
","    Передний привод
","    Слева
","
                                        белый 
                                    ","    Да
",43,4850000,222396644.webp,https://kolesa-photos.kcdn.online/webp/b2/b21dfc2e-0a84-4c67-877b-a1f365466320/4-750x470.webp,True
216789155,https://kolesa.kz/a/show/216789155?search_id=f90d5de815bd46164772fe5be057f3b272061134&search_type=filter&advert_position=104,2026-06-06 00:53:23.886794+03:00,Chevrolet,Spark,"    2015 - н.в. M400
",2020,"
                                    Алматы, Алматинская область

                            ","    Хэтчбек
",бензин,1.0,80169,"    Автомат
","    Передний привод
","    Слева
","
                                        черный 
                                    ","    Да
",15,4900000,216789155.webp,https://kolesa-photos.kcdn.online/webp/61/61129506-4f3e-4dc9-bdd8-a1867dc0e3ee/4-750x470.webp,True
221310367,https://kolesa.kz/a/show/221310367?search_id=f90d5de815bd46164772fe5be057f3b272061134&search_type=filter&advert_position=105,2026-06-06 00:53:30.420783+03:00,Chevrolet,Captiva,"    2013 - 2016 1 поколение [2-й рестайлинг] (C100/C140)
",2014,"
                                    Астана, Акмолинская область

                            ","    Кроссовер
",бензин,2.4,56000,"    Автомат
","    Полный привод
","    Слева
","
                                        белый 
                                    ","    Да
",12,8100000,221310367.webp,https://kolesa-photos.kcdn.online/webp/2d/2d981d62-c23b-40b1-829c-a1dd53efef22/2-750x470.webp,True
222385655,https://kolesa.kz/a/show/222385655?search_id=f90d5de815bd46164772fe5be057f3b272061134&search_type=filter&advert_position=106,2026-06-06 00:53:39.284778+03:00,Chevrolet,Cobalt,"    2011 - н.в. 2 поколение
",2025,"
                                    Жанаозен, Мангистауская область

                            ","    Седан
",бензин,1.5,700,"    Автомат
","    Передний привод
","    Слева
","
                                        белый металлик
                                    ","    Да
",0,6200000,222385655.webp,https://kolesa-photos.kcdn.online/webp/bb/bb1747a3-c71b-44ef-bd89-a1f335d43e0e/1-750x470.webp,True
217979123,https://kolesa.kz/a/show/217979123?search_id=f90d5de815bd46164772fe5be057f3b272061134&search_type=filter&advert_position=107,2026-06-06 00:53:46.004832+03:00,Chevrolet,Cobalt,"    2020 - н.в. 2 поколение рестайлинг
",2021,"
                                    Усть-Каменогорск, Восточно-Казахстанская область

                            ","    Седан
",бензин,1.5,160000,"    Автомат
","    Передний привод
","    Слева
","
                                        серебристый металлик
                                    ","    Да
",8,4800000,217979123.webp,https://kolesa-photos.kcdn.online/webp/a4/a4d4228d-0db0-438b-a980-a19cd47e6178/1-750x470.webp,True
219628527,https://kolesa.kz/a/show/219628527?search_id=f90d5de815bd46164772fe5be057f3b272061134&search_type=filter&advert_position=109,2026-06-06 00:53:58.271168+03:00,Chevrolet,Niva,"    2009 - н.в. 1 поколение рестайлинг (2123)
",2012,"
                                    Астана, Акмолинская область

                            ","    Внедорожник
",бензин,1.7,120000,"    Механика
","    Полный привод
","    Слева
","
                                        белый 
                                    ","    Да
",8,3200000,219628527.webp,https://kolesa-photos.kcdn.online/webp/fa/faa6af8b-c5b1-4e6c-9a0d-a1bc9687cde1/1-750x470.webp,True
199961611,https://kolesa.kz/a/show/199961611?search_id=f90d5de815bd46164772fe5be057f3b272061134&search_type=filter&advert_position=110,2026-06-06 00:54:06.399994+03:00,Chevrolet,Cobalt,"    2020 - н.в. 2 поколение рестайлинг
",2023,"
                                    Астана, Акмолинская область

                            ","    Седан
",бензин,1.5,41500,"    Автомат
","    Передний привод
","    Слева
",,"    Да
",9,5600000,199961611.webp,https://kolesa-photos.kcdn.online/webp/9b/9be980f2-6b67-4964-91fe-9ff7ed4f635f/1-750x470.webp,True
222173961,https://kolesa.kz/a/show/222173961?search_id=f90d5de815bd46164772fe5be057f3b272061134&search_type=filter&advert_position=111,2026-06-06 00:54:12.797409+03:00,Chevrolet,Lacetti,"    2013 - 2024 1 поколение рестайлинг
",2023,"
                                    Шымкент, Туркестанская область

                            ","    Седан
",бензин,1.5,30000,"    Автомат
","    Передний привод
","    Слева
","
                                        белый металлик
                                    ","    Да
",13,6650000,222173961.webp,https://kolesa-photos.kcdn.online/webp/19/194f403f-8e7c-46ad-ad70-a1eef8ee9edb/9-750x470.webp,True
222029211,https://kolesa.kz/a/show/222029211?search_id=f90d5de815bd46164772fe5be057f3b272061134&search_type=filter&advert_position=112,2026-06-06 00:54:19.888787+03:00,Chevrolet,Cobalt,"    2020 - н.в. 2 поколение рестайлинг
",2024,"
                                    Шымкент, Туркестанская область

                            ","    Седан
",бензин,1.5,34000,"    Автомат
","    Передний привод
","    Слева
","
                                        белый металлик
                                    ","    Да
",22,5650000,222029211.webp,https://kolesa-photos.kcdn.online/webp/24/2469bacc-4ddc-4ee3-8dc3-a1ebcc452377/3-750x470.webp,True
221507580,https://kolesa.kz/a/show/221507580?search_id=f90d5de815bd46164772fe5be057f3b272061134&search_type=filter&advert_position=113,2026-06-06 00:54:27.072404+03:00,Chevrolet,Aveo,"    2011 - 2015 T300
",2015,"
                                    Семей, Абайская область

                            ","    Седан
",бензин,1.6,290000,"    Механика
","    Передний привод
","    Слева
","
                                        серый 
                                    ","    Да
",11,2000000,221507580.webp,https://kolesa-photos.kcdn.online/webp/23/23dc6a19-723c-4104-9b65-a1e162b667ec/2-750x470.webp,True
222165614,https://kolesa.kz/a/show/222165614?search_id=f90d5de815bd46164772fe5be057f3b272061134&search_type=filter&advert_position=114,2026-06-06 00:54:34.155893+03:00,Chevrolet,Nexia,"    2020 - н.в. 1 поколение
",2021,"
                                    Астана, Акмолинская область

                            ","    Седан
",бензин,1.5,122000,"    Автомат
","    Передний привод
","    Слева
","
                                        серый 
                                    ","    Да
",7,3999990,222165614.webp,https://kolesa-photos.kcdn.online/webp/eb/ebada35b-2d35-4d17-be94-a1eedb014f5a/4-750x470.webp,True
222324353,https://kolesa.kz/a/show/222324353?search_id=f90d5de815bd46164772fe5be057f3b272061134&search_type=filter&advert_position=116,2026-06-06 00:54:50.016846+03:00,Chevrolet,Cobalt,"    2020 - н.в. 2 поколение рестайлинг
",2024,"
                                    Караганда, Карагандинская область

                            ","    Седан
",бензин,1.5,55000,"    Автомат
","    Передний привод
","    Слева
","
                                        синий 
                                    ","    Да
",8,5490000,222324353.webp,https://kolesa-photos.kcdn.online/webp/b6/b6e64eee-6512-4ba9-a6a0-a1f1b1840355/3-750x470.webp,True
222072588,https://kolesa.kz/a/show/222072588?search_id=f90d5de815bd46164772fe5be057f3b272061134&search_type=filter&advert_position=117,2026-06-06 00:54:55.883764+03:00,Chevrolet,Onix,"    2019 - н.в. 2 поколение
",2025,"
                                    Шымкент, Туркестанская область

                            ","    Седан
",бензин,1.0,18000,"    Автомат
","    Передний привод
","    Слева
","
                                        белый металлик
                                    ","    Да
",16,6350000,222072588.webp,https://kolesa-photos.kcdn.online/webp/d0/d0460c8a-4a19-4e1d-8adb-a1ecf9a88e80/2-750x470.webp,True
221974954,https://kolesa.kz/a/show/221974954?search_id=f90d5de815bd46164772fe5be057f3b272061134&search_type=filter&advert_position=119,2026-06-06 00:55:11.624787+03:00,Chevrolet,Tracker,"    2016 - 2021 3 поколение рестайлинг
",2020,"
                                    Алматы, Алматинская область

                            ","    Кроссовер
",бензин,1.8,112500,"    Автомат
","    Передний привод
","    Слева
","
                                        синий металлик
                                    ","    Да
",6,6200000,221974954.webp,https://kolesa-photos.kcdn.online/webp/69/69353ef2-82ab-4766-ab14-a1eb0847927d/1-750x470.webp,True
222286459,https://kolesa.kz/a/show/222286459?search_id=f90d5de815bd46164772fe5be057f3b272061134&search_type=filter&advert_position=120,2026-06-06 00:55:21.201874+03:00,Chevrolet,Cobalt,"    2020 - н.в. 2 поколение рестайлинг
",2021,"
                                    Актобе, Актюбинская область

                            ","    Седан
",бензин,1.5,178000,"    Механика
","    Передний привод
","    Слева
",,"    Да
",6,4100000,222286459.webp,https://kolesa-photos.kcdn.online/webp/43/435d88ad-701b-4caf-a220-a1f12bfaf516/2-750x470.webp,True
222393036,https://kolesa.kz/a/show/222393036?search_id=5cbc37f7efa5a74ff42c5041f432cd1a7a7414d4&search_type=filter&advert_position=121,2026-06-06 00:55:35.708836+03:00,Chevrolet,Cobalt,"    2020 - н.в. 2 поколение рестайлинг
",2021,"
                                    Алматы, Алматинская область

                            ","    Седан
",бензин,1.5,172000,"    Автомат
","    Передний привод
","    Слева
","
                                        белый 
                                    ","    Да
",11,3800000,222393036.webp,https://kolesa-photos.kcdn.online/webp/f3/f3d66e19-e502-4f00-a19f-a1f355cf8736/2-750x470.webp,True
221928745,https://kolesa.kz/a/show/221928745?search_id=5cbc37f7efa5a74ff42c5041f432cd1a7a7414d4&search_type=filter&advert_position=122,2026-06-06 00:55:43.232140+03:00,Chevrolet,Cobalt,"    2020 - н.в. 2 поколение рестайлинг
",2023,"
                                    Шымкент, Туркестанская область

                            ","    Седан
",бензин,1.5,93000,"    Автомат
","    Передний привод
","    Слева
",,"    Да
",15,4950000,221928745.webp,https://kolesa-photos.kcdn.online/webp/1f/1f0d46a8-854c-4024-9466-a1e9d48cb297/5-750x470.webp,True
222286074,https://kolesa.kz/a/show/222286074?search_id=5cbc37f7efa5a74ff42c5041f432cd1a7a7414d4&search_type=filter&advert_position=123,2026-06-06 00:55:49.672840+03:00,Chevrolet,Monza,"    2022 - н.в. 2 поколение рестайлинг
",2023,"
                                    Астана, Акмолинская область

                            ","    Седан
",бензин,1.5,27000,"    Робот
","    Передний привод
","    Слева
","
                                        белый металлик
                                    ","    Да
",8,6500000,222286074.webp,https://kolesa-photos.kcdn.online/webp/fe/fe05b818-e65e-4439-ad22-a1f12a7a471e/2-750x470.webp,True
221822514,https://kolesa.kz/a/show/221822514?search_id=5cbc37f7efa5a74ff42c5041f432cd1a7a7414d4&search_type=filter&advert_position=124,2026-06-06 00:55:57.677174+03:00,Chevrolet,Cobalt,"    2020 - н.в. 2 поколение рестайлинг
",2022,"
                                    Костанай, Костанайская область

                            ","    Седан
",бензин,1.5,99000,"    Автомат
","    Передний привод
","    Слева
","
                                        серебристый металлик
                                    ","    Да
",13,5300000,221822514.webp,https://kolesa-photos.kcdn.online/webp/38/388a0a6e-10cd-4f8a-8c48-a1e7a8f0a50d/5-750x470.webp,True
218595619,https://kolesa.kz/a/show/218595619?search_id=5cbc37f7efa5a74ff42c5041f432cd1a7a7414d4&search_type=filter&advert_position=140,2026-06-06 01:00:37.021766+03:00,Chevrolet,Tracker,"    2013 - 2017 3 поколение
",2015,"
                                    Рудный, Костанайская область

                            ","    Кроссовер
",бензин,1.8,122000,"    Автомат
","    Полный привод
","    Слева
","
                                        серый металлик
                                    ","    Да
",18,5300000,218595619.webp,https://kolesa-photos.kcdn.online/webp/fc/fcb6ccf7-e43f-4df2-bbdf-a1a868a4b4fd/13-750x470.webp,True
218595619,https://kolesa.kz/a/show/218595619?search_id=1d1a9781bf03a89c7c9ce9b84b2bc561494fc14b&search_type=filter&advert_position=141,2026-06-06 01:00:49.307774+03:00,Chevrolet,Tracker,"    2013 - 2017 3 поколение
",2015,"
                                    Рудный, Костанайская область

                            ","    Кроссовер
",бензин,1.8,122000,"    Автомат
","    Полный привод
","    Слева
","
                                        серый металлик
                                    ","    Да
",18,5300000,218595619.webp,https://kolesa-photos.kcdn.online/webp/fc/fcb6ccf7-e43f-4df2-bbdf-a1a868a4b4fd/13-750x470.webp,True
221496676,https://kolesa.kz/a/show/221496676?search_id=1d1a9781bf03a89c7c9ce9b84b2bc561494fc14b&search_type=filter&advert_position=142,2026-06-06 01:00:55.160263+03:00,Chevrolet,Aveo,"    2011 - 2015 T300
",2013,"
                                    Костанай, Костанайская область

                            ","    Седан
",бензин,1.6,280000,"    Механика
","    Передний привод
","    Слева
","
                                        серебристый металлик
                                    ","    Да
",9,2750000,221496676.webp,https://kolesa-photos.kcdn.online/webp/7c/7c574303-ffc8-4fc4-a3d3-a1e13aa5c56f/2-750x470.webp,True
220953909,https://kolesa.kz/a/show/220953909?search_id=1d1a9781bf03a89c7c9ce9b84b2bc561494fc14b&search_type=filter&advert_position=143,2026-06-06 01:01:03.796512+03:00,Chevrolet,Aveo,"    2011 - 2015 T300
",2013,"
                                    Караганда, Карагандинская область

                            ","    Седан
",бензин,1.6,191000,"    Автомат
","    Передний привод
","    Слева
","
                                        синий 
                                    ","    Да
",18,2980000,220953909.webp,https://kolesa-photos.kcdn.online/webp/9e/9ebbe740-f418-4650-bc44-a1d641b7bc95/23-750x470.webp,True
221375885,https://kolesa.kz/a/show/221375885?search_id=1d1a9781bf03a89c7c9ce9b84b2bc561494fc14b&search_type=filter&advert_position=144,2026-06-06 01:01:10.617958+03:00,Chevrolet,Aveo,"    2006 - 2012 T250 рестайлинг (T250/T255)
",2011,"
                                    Алматы, Алматинская область

                            ","    Седан
",бензин,1.4,398000,"    Механика
","    Передний привод
","    Слева
","
                                        серебристый металлик
                                    ","    Да
",0,2000000,,,False
203480123,https://kolesa.kz/a/show/203480123?search_id=1d1a9781bf03a89c7c9ce9b84b2bc561494fc14b&search_type=filter&advert_position=145,2026-06-06 01:01:18.788566+03:00,Chevrolet,Monza,"    2022 - н.в. 2 поколение рестайлинг
",2024,"
                                    Астана, Акмолинская область

                            ","    Седан
",бензин,1.5,7600,"    Робот
","    Передний привод
","    Слева
",,"    Да
",16,7800000,203480123.webp,https://kolesa-photos.kcdn.online/webp/0c/0cefdb07-6726-434f-a660-a04c21cd98fb/13-750x470.webp,True
221174305,https://kolesa.kz/a/show/221174305?search_id=1d1a9781bf03a89c7c9ce9b84b2bc561494fc14b&search_type=filter&advert_position=146,2026-06-06 01:01:27.085051+03:00,Chevrolet,Aveo,"    2011 - 2015 T300
",2014,"
                                    Семей, Абайская область

                            ","    Седан
",бензин,1.6,145000,"    Механика
","    Передний привод
","    Слева
",,"    Да
",9,2900000,221174305.webp,https://kolesa-photos.kcdn.online/webp/4c/4c7337ae-0f96-4c11-86e3-a1dad906a641/13-750x470.webp,True
222312661,https://kolesa.kz/a/show/222312661?search_id=1d1a9781bf03a89c7c9ce9b84b2bc561494fc14b&search_type=filter&advert_position=147,2026-06-06 01:01:35.336389+03:00,Chevrolet,Cobalt,"    2020 - н.в. 2 поколение рестайлинг
",2025,"
                                    Алматы, Алматинская область

                            ","    Седан
",бензин,1.5,55000,"    Автомат
","    Передний привод
","    Слева
",,"    Да
",53,5600000,222312661.webp,https://kolesa-photos.kcdn.online/webp/dc/dc9ed695-279f-4eda-a1b7-a1f18a6a4f33/48-750x470.webp,True
222359484,https://kolesa.kz/a/show/222359484?search_id=1d1a9781bf03a89c7c9ce9b84b2bc561494fc14b&search_type=filter&advert_position=148,2026-06-06 01:01:44.173900+03:00,Chevrolet,Cobalt,"    2020 - н.в. 2 поколение рестайлинг
",2021,"
                                    Шымкент, Туркестанская область

                            ","    Седан
",бензин,1.5,95000,"    Автомат
","    Передний привод
","    Слева
","
                                        серебристый металлик
                                    ","    Да
",3,5200000,222359484.webp,https://kolesa-photos.kcdn.online/webp/87/87b4194d-5062-419e-be24-a1f2cebe6022/2-750x470.webp,True
219828199,https://kolesa.kz/a/show/219828199?search_id=1d1a9781bf03a89c7c9ce9b84b2bc561494fc14b&search_type=filter&advert_position=149,2026-06-06 01:01:50.559952+03:00,Chevrolet,Tracker,"    2016 - 2021 3 поколение рестайлинг
",2021,"
                                    Костанай, Костанайская область

                            ","    Кроссовер
",бензин,1.8,95000,"    Автомат
","    Передний привод
","    Слева
",,"    Да
",14,6400000,219828199.webp,https://kolesa-photos.kcdn.online/webp/af/af950d36-5810-445f-8f2a-a1c0b7acead6/4-750x470.webp,True
222322766,https://kolesa.kz/a/show/222322766?search_id=1d1a9781bf03a89c7c9ce9b84b2bc561494fc14b&search_type=filter&advert_position=150,2026-06-06 01:01:57.725018+03:00,Chevrolet,Cobalt,"    2020 - н.в. 2 поколение рестайлинг
",2023,"
                                    Караганда, Карагандинская область

                            ","    Седан
",бензин,1.5,78000,"    Автомат
","    Передний привод
","    Слева
","
                                        белый 
                                    ","    Да
",9,4950000,222322766.webp,https://kolesa-photos.kcdn.online/webp/b7/b762766c-c993-47a4-9597-a1f1abb547d8/3-750x470.webp,True
187864510,https://kolesa.kz/a/show/187864510?search_id=1d1a9781bf03a89c7c9ce9b84b2bc561494fc14b&search_type=filter&advert_position=151,2026-06-06 01:02:04.418903+03:00,Chevrolet,Niva,"    2009 - н.в. 1 поколение рестайлинг (2123)
",2018,"
                                    Есиль, Акмолинская область

                            ","    Внедорожник
",бензин,1.7,35000,"    Механика
","    Полный привод
","    Слева
","
                                        белый 
                                    ","    Да
",5,4600000,187864510.webp,https://kolesa-photos.kcdn.online/webp/32/3222bbe7-991e-4a1d-8dc4-9ec7f7705282/1-750x470.webp,True
222302493,https://kolesa.kz/a/show/222302493?search_id=1d1a9781bf03a89c7c9ce9b84b2bc561494fc14b&search_type=filter&advert_position=152,2026-06-06 01:02:11.860897+03:00,Chevrolet,Nexia,"    2020 - н.в. 1 поколение
",2020,"
                                    Алматы, Алматинская область

                            ","    Седан
",бензин,1.5,118000,"    Механика
","    Передний привод
","    Слева
","
                                        белый 
                                    ","    Да
",32,4200000,222302493.webp,https://kolesa-photos.kcdn.online/webp/2b/2b8a4a22-0d21-4685-b9db-a1f169610ca5/2-750x470.webp,True
221889439,https://kolesa.kz/a/show/221889439?search_id=1d1a9781bf03a89c7c9ce9b84b2bc561494fc14b&search_type=filter&advert_position=153,2026-06-06 01:02:20.303601+03:00,Chevrolet,Cobalt,"    2011 - н.в. 2 поколение
",2023,"
                                    Шымкент, Туркестанская область

                            ","    Седан
",бензин,1.5,76400,"    Автомат
","    Передний привод
","    Слева
","
                                        белый металлик
                                    ","    Да
",14,5300000,221889439.webp,https://kolesa-photos.kcdn.online/webp/02/02cb47d7-5168-4e24-8ec8-a1e9450effcf/1-750x470.webp,True
221854051,https://kolesa.kz/a/show/221854051?search_id=1d1a9781bf03a89c7c9ce9b84b2bc561494fc14b&search_type=filter&advert_position=154,2026-06-06 01:02:28.388367+03:00,Chevrolet,Cobalt,"    2020 - н.в. 2 поколение рестайлинг
",2022,"
                                    Алматы, Алматинская область

                            ","    Седан
",бензин,1.5,80000,"    Автомат
","    Передний привод
","    Слева
","
                                        серебристый металлик
                                    ","    Да
",6,5200000,221854051.webp,https://kolesa-photos.kcdn.online/webp/7e/7e755981-3129-4630-a652-a1e8bf930508/4-750x470.webp,True
221130798,https://kolesa.kz/a/show/221130798?search_id=1d1a9781bf03a89c7c9ce9b84b2bc561494fc14b&search_type=filter&advert_position=155,2026-06-06 01:02:34.071365+03:00,Chevrolet,Cobalt,"    2011 - н.в. 2 поколение
",2014,"
                                    Костанай, Костанайская область

                            ","    Седан
",бензин,1.5,164500,"    Механика
","    Передний привод
","    Слева
","
                                        серебристый металлик
                                    ","    Да
",11,3500000,221130798.webp,https://kolesa-photos.kcdn.online/webp/bf/bff32c53-c620-4919-8cbc-a1d994c31653/3-750x470.webp,True
220147654,https://kolesa.kz/a/show/220147654?search_id=1d1a9781bf03a89c7c9ce9b84b2bc561494fc14b&search_type=filter&advert_position=156,2026-06-06 01:02:43.008248+03:00,Chevrolet,Cobalt,"    2011 - н.в. 2 поколение
",2022,"
                                    Актобе, Актюбинская область

                            ","    Седан
",бензин,1.5,40000,"    Автомат
","    Передний привод
","    Слева
","
                                        черный металлик
                                    ","    Да
",9,5550000,220147654.webp,https://kolesa-photos.kcdn.online/webp/a9/a9c455b3-de40-42f7-a196-a1c6bdb79447/2-750x470.webp,True
222161058,https://kolesa.kz/a/show/222161058?search_id=1d1a9781bf03a89c7c9ce9b84b2bc561494fc14b&search_type=filter&advert_position=157,2026-06-06 01:02:49.262926+03:00,Chevrolet,Equinox,"    2020 - н.в. 3 поколение рестайлинг
",2021,"
                                    Алматы, Алматинская область

                            ","    Кроссовер
",бензин,2.0,56236,"    Автомат
","    Полный привод
","    Слева
",,"    Да
",20,11990000,222161058.webp,https://kolesa-photos.kcdn.online/webp/1a/1a336e9d-3cac-4a27-a389-a1eecae0227c/6-750x470.webp,True
222092696,https://kolesa.kz/a/show/222092696?search_id=1d1a9781bf03a89c7c9ce9b84b2bc561494fc14b&search_type=filter&advert_position=159,2026-06-06 01:03:01.515646+03:00,Chevrolet,Cobalt,"    2020 - н.в. 2 поколение рестайлинг
",2021,"
                                    Астана, Акмолинская область

                            ","    Седан
",бензин,1.5,54886,"    Автомат
","    Передний привод
","    Слева
","
                                        бордовый 
                                    ","    Да
",10,5100000,222092696.webp,https://kolesa-photos.kcdn.online/webp/cb/cb3db8bb-9618-4549-ae26-a1ed4790347b/1-750x470.webp,True
220239875,https://kolesa.kz/a/show/220239875?search_id=ba5528cced1858eb140b6c861d84f04ba7e33a19&search_type=filter&advert_position=181,2026-06-06 01:05:20.784445+03:00,Chevrolet,Tracker,"    2013 - 2017 3 поколение
",2015,"
                                    Шымкент, Туркестанская область

                            ","    Кроссовер
",бензин,1.8,182000,"    Автомат
","    Полный привод
","    Слева
","
                                        белый металлик
                                    ","    Да
",12,5000000,220239875.webp,https://kolesa-photos.kcdn.online/webp/1f/1f2a61ca-f841-479e-9ede-a1c8a23789d4/1-750x470.webp,True
221035895,https://kolesa.kz/a/show/221035895?search_id=ba5528cced1858eb140b6c861d84f04ba7e33a19&search_type=filter&advert_position=182,2026-06-06 01:05:29.806549+03:00,Chevrolet,Cruze,"    2012 - 2015 J300 рестайлинг
",2013,"
                                    Кызылорда, Кызылординская область

                            ","    Седан
",бензин,1.8,184000,"    Автомат
","    Передний привод
","    Слева
",,"    Да
",7,3500000,221035895.webp,https://kolesa-photos.kcdn.online/webp/65/6593bd9b-1320-4e64-8a77-a1d78cfc8032/1-750x470.webp,True
215115932,https://kolesa.kz/a/show/215115932?search_id=ba5528cced1858eb140b6c861d84f04ba7e33a19&search_type=filter&advert_position=183,2026-06-06 01:05:38.446560+03:00,Chevrolet,Cruze,"    2012 - 2015 J300 рестайлинг
",2014,"
                                    Атырау, Атырауская область

                            ","    Седан
",бензин,1.6,70000,"    Автомат
","    Передний привод
","    Слева
","
                                        черный 
                                    ","    Да
",7,4000000,215115932.webp,https://kolesa-photos.kcdn.online/webp/c0/c0f0ea3b-7a54-47e8-863f-a16242bd1753/2-750x470.webp,True
222257102,https://kolesa.kz/a/show/222257102?search_id=ba5528cced1858eb140b6c861d84f04ba7e33a19&search_type=filter&advert_position=184,2026-06-06 01:05:44.129946+03:00,Chevrolet,Cobalt,"    2020 - н.в. 2 поколение рестайлинг
",2025,"
                                    Астана, Акмолинская область

                            ","    Седан
",бензин,1.5,18000,"    Автомат
","    Передний привод
","    Слева
",,"    Да
",12,6300000,222257102.webp,https://kolesa-photos.kcdn.online/webp/58/5824c81d-6dd2-440d-8084-a1f0c11be466/2-750x470.webp,True
221579434,https://kolesa.kz/a/show/221579434?search_id=ba5528cced1858eb140b6c861d84f04ba7e33a19&search_type=filter&advert_position=185,2026-06-06 01:05:50.496725+03:00,Chevrolet,Cobalt,"    2011 - н.в. 2 поколение
",2025,"
                                    Астана, Акмолинская область

                            ","    Седан
",бензин,1.5,30000,"    Автомат
","    Передний привод
","    Слева
","
                                        серый металлик
                                    ","    Да
",8,6000000,221579434.webp,https://kolesa-photos.kcdn.online/webp/f9/f9f69d1a-e95d-4b03-aa8b-a1e2f0876912/1-750x470.webp,True
221443502,https://kolesa.kz/a/show/221443502?search_id=ba5528cced1858eb140b6c861d84f04ba7e33a19&search_type=filter&advert_position=186,2026-06-06 01:05:59.086091+03:00,Chevrolet,Equinox,"    2020 - н.в. 3 поколение рестайлинг
",2021,"
                                    Актау, Мангистауская область

                            ","    Кроссовер
",бензин,2.0,175000,"    Автомат
","    Передний привод
","    Слева
","
                                        белый металлик
                                    ","    Да
",23,11000000,221443502.webp,https://kolesa-photos.kcdn.online/webp/5c/5cfd68da-b306-4561-9e99-a1dfdc226b6b/3-750x470.webp,True
222082277,https://kolesa.kz/a/show/222082277?search_id=ba5528cced1858eb140b6c861d84f04ba7e33a19&search_type=filter&advert_position=187,2026-06-06 01:06:05.486384+03:00,Chevrolet,Cruze,"    2009 - 2012 J300
",2012,"
                                    Караганда, Карагандинская область

                            ","    Седан
",бензин,1.6,275000,"    Автомат
","    Передний привод
","    Слева
","
                                        белый металлик
                                    ","    Да
",14,2850000,222082277.webp,https://kolesa-photos.kcdn.online/webp/f2/f2d4b168-0021-4de4-a8dd-a1ed1ebdcc9f/3-750x470.webp,True
221420373,https://kolesa.kz/a/show/221420373?search_id=ba5528cced1858eb140b6c861d84f04ba7e33a19&search_type=filter&advert_position=188,2026-06-06 01:06:14.537947+03:00,Chevrolet,Onix,"    2019 - н.в. 2 поколение
",2025,"
                                    Алматы, Алматинская область

                            ","    Седан
",бензин,1.2,50000,"    Автомат
","    Передний привод
","    Слева
","
                                        серый 
                                    ","    Да
",10,6600000,221420373.webp,https://kolesa-photos.kcdn.online/webp/c2/c2e70fc1-9cfa-4690-94be-a1df73cbe30e/3-750x470.webp,True
220547953,https://kolesa.kz/a/show/220547953?search_id=ba5528cced1858eb140b6c861d84f04ba7e33a19&search_type=filter&advert_position=189,2026-06-06 01:06:20.411993+03:00,Chevrolet,Tracker,"    2019 - н.в. 4 поколение
",2023,"
                                    Караганда, Карагандинская область

                            ","    Кроссовер
",бензин,1.0,51000,"    Автомат
","    Передний привод
","    Слева
",,"    Да
",8,7500000,220547953.webp,https://kolesa-photos.kcdn.online/webp/c2/c2f8e6cf-5243-4363-94af-a1cea5c24a59/1-750x470.webp,True
221181873,https://kolesa.kz/a/show/221181873?search_id=ba5528cced1858eb140b6c861d84f04ba7e33a19&search_type=filter&advert_position=190,2026-06-06 01:06:26.083607+03:00,Chevrolet,Spark,"    2015 - н.в. M400
",2022,"
                                    Алматы, Алматинская область

                            ","    Хэтчбек
",бензин,1.4,78120,"    Автомат
","    Передний привод
","    Слева
","
                                        синий металлик
                                    ","    Да
",10,5200000,221181873.webp,https://kolesa-photos.kcdn.online/webp/0b/0bb1c4b9-8e24-4446-9e4f-a1daf520a4be/2-750x470.webp,True
222396108,https://kolesa.kz/a/show/222396108?search_id=ba5528cced1858eb140b6c861d84f04ba7e33a19&search_type=filter&advert_position=191,2026-06-06 01:06:33.587578+03:00,Chevrolet,Lacetti,"    2013 - 2024 1 поколение рестайлинг
",2023,"
                                    Шымкент, Туркестанская область

                            ","    Седан
",бензин,1.5,49000,"    Автомат
","    Передний привод
","    Слева
","
                                        серебристый 
                                    ","    Да
",14,5500000,222396108.webp,https://kolesa-photos.kcdn.online/webp/ae/ae4937eb-94f9-4ec5-b50c-a1f36311c46d/2-750x470.webp,True
220560875,https://kolesa.kz/a/show/220560875?search_id=ba5528cced1858eb140b6c861d84f04ba7e33a19&search_type=filter&advert_position=192,2026-06-06 01:06:39.342842+03:00,Chevrolet,Damas,"    2020 - н.в. 3 поколение
",2022,"
                                    Алматы, Алматинская область

                            ","    Микровэн
",бензин,0.8,111144,"    Механика
","    Задний привод
","    Слева
",,"    Да
",4,3490000,220560875.webp,https://kolesa-photos.kcdn.online/webp/af/af5002d4-c395-4d9e-90cb-a1cecd3e31e3/3-750x470.webp,True
221948785,https://kolesa.kz/a/show/221948785?search_id=ba5528cced1858eb140b6c861d84f04ba7e33a19&search_type=filter&advert_position=193,2026-06-06 01:06:46.696244+03:00,Chevrolet,Damas,"    2020 - н.в. 3 поколение
",2022,"
                                    Алматы, Алматинская область

                            ","    Микровэн
",бензин,0.8,80000,"    Механика
","    Задний привод
","    Слева
",,"    Да
",8,3800000,221948785.webp,https://kolesa-photos.kcdn.online/webp/90/9028446e-9898-42b0-8169-a1eaa68362ee/2-750x470.webp,True
194607053,https://kolesa.kz/a/show/194607053?search_id=ba5528cced1858eb140b6c861d84f04ba7e33a19&search_type=filter&advert_position=194,2026-06-06 01:06:56.556623+03:00,Chevrolet,Captiva,"    2018 - н.в. 2 поколение
",2022,"
                                    Алматы, Алматинская область

                            ","    Внедорожник
",бензин,1.5,38218,"    Вариатор
","    Передний привод
","    Слева
","
                                        белый металлик
                                    ","    Да
",15,9200000,194607053.webp,https://kolesa-photos.kcdn.online/webp/68/682d46b1-abc0-4276-ae99-9f751323ad0b/15-750x470.webp,True
221491740,https://kolesa.kz/a/show/221491740?search_id=ba5528cced1858eb140b6c861d84f04ba7e33a19&search_type=filter&advert_position=195,2026-06-06 01:07:03.028320+03:00,Chevrolet,Nexia,"    2020 - н.в. 1 поколение
",2022,"
                                    Павлодар, Павлодарская область

                            ","    Седан
",бензин,1.5,90000,"    Механика
","    Передний привод
","    Слева
",,"    Да
",4,4200000,221491740.webp,https://kolesa-photos.kcdn.online/webp/5d/5da67c24-6aa3-4bba-9fa4-a1e1280a0d63/4-750x470.webp,True
222342531,https://kolesa.kz/a/show/222342531?search_id=ba5528cced1858eb140b6c861d84f04ba7e33a19&search_type=filter&advert_position=196,2026-06-06 01:07:12.691920+03:00,Chevrolet,Nexia,"    2020 - н.в. 1 поколение
",2021,"
                                    Алматы, Алматинская область

                            ","    Седан
",бензин,1.5,70000,"    Механика
","    Передний привод
","    Слева
","
                                        белый 
                                    ","    Да
",6,4100000,222342531.webp,https://kolesa-photos.kcdn.online/webp/a5/a55f83bc-f4a0-470c-99b0-a1f2658c29b8/1-750x470.webp,True
219661480,https://kolesa.kz/a/show/219661480?search_id=ba5528cced1858eb140b6c861d84f04ba7e33a19&search_type=filter&advert_position=197,2026-06-06 01:07:18.575992+03:00,Chevrolet,Cobalt,"    2020 - н.в. 2 поколение рестайлинг
",2021,"
                                    Шымкент, Туркестанская область

                            ","    Седан
",бензин,1.5,123000,"    Автомат
","    Передний привод
","    Слева
","
                                        белый 
                                    ","    Да
",4,4800000,219661480.webp,https://kolesa-photos.kcdn.online/webp/62/623ed5bc-d706-433d-a321-a1bd22e58863/1-750x470.webp,True
221613499,https://kolesa.kz/a/show/221613499?search_id=ba5528cced1858eb140b6c861d84f04ba7e33a19&search_type=filter&advert_position=198,2026-06-06 01:07:25.378086+03:00,Chevrolet,Cobalt,"    2011 - н.в. 2 поколение
",2023,"
                                    Астана, Акмолинская область

                            ","    Седан
",бензин,1.5,150000,"    Автомат
","    Передний привод
","    Слева
","
                                        черный металлик
                                    ","    Да
",14,4500000,221613499.webp,https://kolesa-photos.kcdn.online/webp/ec/ec15c420-6c44-4588-b84d-a1e36d0ff1f8/8-750x470.webp,True
220167635,https://kolesa.kz/a/show/220167635?search_id=ba5528cced1858eb140b6c861d84f04ba7e33a19&search_type=filter&advert_position=199,2026-06-06 01:07:31.954360+03:00,Chevrolet,Malibu,"    2018 - н.в. 9 поколение рестайлинг
",2018,"
                                    Астана, Акмолинская область

                            ","    Седан
",бензин,1.5,260000,"    Автомат
","    Передний привод
","    Слева
","
                                        белый металлик
                                    ","    Да
",13,6000000,220167635.webp,https://kolesa-photos.kcdn.online/webp/15/15dd3e72-b10e-4028-8da6-a1c7074fff9b/1-750x470.webp,True
