kolesa_id,kolesa_url,parsed_at,brand,model,generation,year,city,body_type,fuel_type,engine_volume,mileage,transmission,drive_type,steering_wheel,color,kz_registration,imgs_count,price,img_filename,img_url,found_img
222037261,https://kolesa.kz/a/show/222037261?search_id=a24f0f7c5282b340b07d634ede28c007cb0ee87b&search_type=filter&advert_position=201,2026-06-06 01:38:11.929344+03:00,Kia,K7,"    2016 - 2019 2 поколение
",2017,"
                                    Шымкент, Туркестанская область

                            ","    Седан
",бензин,2.4,59850,"    Автомат
","    Передний привод
","    Слева
","
                                        черный 
                                    ","    Да
",20,11490000,222037261.webp,https://kolesa-photos.kcdn.online/webp/43/4357f924-0538-4cb2-800b-a1ec325e7513/3-750x470.webp,True
221476159,https://kolesa.kz/a/show/221476159?search_id=a24f0f7c5282b340b07d634ede28c007cb0ee87b&search_type=filter&advert_position=202,2026-06-06 01:38:18.848490+03:00,Kia,K5,"    2019 - н.в. 3 поколение
",2023,"
                                    Караганда, Карагандинская область

                            ","    Седан
",бензин,2.5,105000,"    Автомат
","    Передний привод
","    Слева
",,"    Да
",20,11900000,221476159.webp,https://kolesa-photos.kcdn.online/webp/6e/6e7424c2-f53f-49c3-aa43-a1e0e9a99134/15-750x470.webp,True
218818102,https://kolesa.kz/a/show/218818102?search_id=a24f0f7c5282b340b07d634ede28c007cb0ee87b&search_type=filter&advert_position=203,2026-06-06 01:38:25.664362+03:00,Kia,K7,"    2016 - 2019 2 поколение
",2016,"
                                    Тараз, Жамбылская область

                            ","    Седан
",газ,3.0,105000,"    Автомат
","    Передний привод
","    Слева
","
                                        черный металлик
                                    ","    Да
",10,9000000,218818102.webp,https://kolesa-photos.kcdn.online/webp/62/6291d496-f8a6-4bb6-8f1e-a1ac94d3f5b2/12-750x470.webp,True
221258127,https://kolesa.kz/a/show/221258127?search_id=a24f0f7c5282b340b07d634ede28c007cb0ee87b&search_type=filter&advert_position=204,2026-06-06 01:38:32.472003+03:00,Kia,Stinger,"    2017 - 2021 1 поколение
",2020,"
                                    Костанай, Костанайская область

                            ","    Лифтбек
",бензин,2.0,122000,"    Автомат
","    Полный привод
","    Слева
","
                                        синий 
                                    ","    Да
",17,9500000,221258127.webp,https://kolesa-photos.kcdn.online/webp/65/6584085f-4117-4c6a-adef-a1dc9aa3e558/3-750x470.webp,True
221472039,https://kolesa.kz/a/show/221472039?search_id=a24f0f7c5282b340b07d634ede28c007cb0ee87b&search_type=filter&advert_position=206,2026-06-06 01:38:46.017374+03:00,Kia,Rio X-Line,"    2017 - 2021 1 поколение
",2019,"
                                    Астана, Акмолинская область

                            ","    Хэтчбек
",бензин,1.6,81000,"    Автомат
","    Передний привод
","    Слева
","
                                        черный металлик
                                    ","    Да
",27,6700000,221472039.webp,https://kolesa-photos.kcdn.online/webp/0e/0e002619-be17-49c7-93a2-a1e0d8e45a5d/4-750x470.webp,True
212491089,https://kolesa.kz/a/show/212491089?search_id=a24f0f7c5282b340b07d634ede28c007cb0ee87b&search_type=filter&advert_position=207,2026-06-06 01:38:53.301037+03:00,Kia,Cerato,"    2021 - н.в. 4 поколение рестайлинг (BD)
",2023,"
                                    Астана, Акмолинская область

                            ","    Седан
",бензин,2.0,43000,"    Автомат
","    Передний привод
","    Слева
","
                                        серый металлик
                                    ","    Да
",18,10000000,212491089.webp,https://kolesa-photos.kcdn.online/webp/39/39175936-ffb6-4dff-acef-a125f68e6583/19-750x470.webp,True
216794787,https://kolesa.kz/a/show/216794787?search_id=a24f0f7c5282b340b07d634ede28c007cb0ee87b&search_type=filter&advert_position=208,2026-06-06 01:38:59.457604+03:00,Kia,Sorento,"    2023 - н.в. 4 поколение рестайлинг (MQ4/MQ4A)
",2024,"
                                    Шымкент, Туркестанская область

                            ","    Кроссовер
",бензин,2.5,12000,"    Робот
","    Передний привод
","    Слева
",,"    Да
",10,23000000,216794787.webp,https://kolesa-photos.kcdn.online/webp/32/32528dd4-86c7-44f9-bd4f-a18696079a21/6-750x470.webp,True
221161800,https://kolesa.kz/a/show/221161800?search_id=a24f0f7c5282b340b07d634ede28c007cb0ee87b&search_type=filter&advert_position=209,2026-06-06 01:39:07.701740+03:00,Kia,Sorento,"    2017 - 2020 3 поколение рестайлинг (UM)
",2019,"
                                    Алматы, Алматинская область

                            ","    Кроссовер
",бензин,3.5,146000,"    Автомат
","    Полный привод
","    Слева
","
                                        белый 
                                    ","    Да
",4,12500000,221161800.webp,https://kolesa-photos.kcdn.online/webp/a2/a22111de-71d0-46eb-a11c-a1daa8b9c047/2-750x470.webp,True
206583583,https://kolesa.kz/a/show/206583583?search_id=a24f0f7c5282b340b07d634ede28c007cb0ee87b&search_type=filter&advert_position=210,2026-06-06 01:39:14.941662+03:00,Kia,Sorento,"    2014 - 2017 3 поколение (UM)
",2015,"
                                    Астана, Акмолинская область

                            ","    Кроссовер
",бензин,2.4,161958,"    Автомат
","    Полный привод
","    Слева
","
                                        серебристый металлик
                                    ","    Да
",8,8999999,206583583.webp,https://kolesa-photos.kcdn.online/webp/0e/0ebda9e6-da18-4e4c-adac-a096e72bbf7a/11-750x470.webp,True
217513965,https://kolesa.kz/a/show/217513965?search_id=a24f0f7c5282b340b07d634ede28c007cb0ee87b&search_type=filter&advert_position=211,2026-06-06 01:39:23.132250+03:00,Kia,Rio,"    2017 - 2020 4 поколение
",2018,"
                                    Павлодар, Павлодарская область

                            ","    Седан
",бензин,1.6,140000,"    Автомат
","    Передний привод
","    Слева
","
                                        белый 
                                    ","    Да
",14,6400000,217513965.webp,https://kolesa-photos.kcdn.online/webp/2d/2d7184c1-f7a9-4d3a-bb9d-a194a70d5ae3/3-750x470.webp,True
173140840,https://kolesa.kz/a/show/173140840?search_id=a24f0f7c5282b340b07d634ede28c007cb0ee87b&search_type=filter&advert_position=212,2026-06-06 01:39:32.126004+03:00,Kia,Optima,"    2018 - н.в. 4 поколение рестайлинг
",2018,"
                                    Костанай, Костанайская область

                            ","    Седан
",бензин,2.4,100000,"    Автомат
","    Передний привод
","    Слева
","
                                        серый 
                                    ","    Да
",11,11000000,173140840.webp,https://kolesa-photos.kcdn.online/webp/fd/fd48da9a-05d2-458e-b3f3-9c847f9fc0e1/1-750x470.webp,True
222261721,https://kolesa.kz/a/show/222261721?search_id=a24f0f7c5282b340b07d634ede28c007cb0ee87b&search_type=filter&advert_position=213,2026-06-06 01:39:40.088370+03:00,Kia,Carnival,"    2020 - н.в. 4 поколение (KA4)
",2022,"
                                    Алматы, Алматинская область

                            ","    Минивэн
",бензин,3.5,48000,"    Автомат
","    Передний привод
","    Слева
","
                                        белый металлик
                                    ","    Да
",28,20000000,222261721.webp,https://kolesa-photos.kcdn.online/webp/03/03d14580-7da9-4fa9-bdab-a1f0d21aaae9/4-750x470.webp,True
221228960,https://kolesa.kz/a/show/221228960?search_id=a24f0f7c5282b340b07d634ede28c007cb0ee87b&search_type=filter&advert_position=215,2026-06-06 01:39:55.673901+03:00,Kia,K5,"    2019 - н.в. 3 поколение
",2026,"
                                    Алматы, Алматинская область

                            ","    Седан
",бензин,2.0,4000,"    Автомат
","    Передний привод
","    Слева
",,"    Да
",10,15700000,221228960.webp,https://kolesa-photos.kcdn.online/webp/ca/cac5a6dd-dee3-499c-9e1a-a1db9d55ba82/12-750x470.webp,True
220560711,https://kolesa.kz/a/show/220560711?search_id=a24f0f7c5282b340b07d634ede28c007cb0ee87b&search_type=filter&advert_position=216,2026-06-06 01:40:04.903934+03:00,Kia,K7,"    2012 - 2015 1 поколение рестайлинг
",2013,"
                                    Талдыкорган, Жетысуская область

                            ","    Седан
",бензин,3.0,158000,"    Автомат
","    Передний привод
","    Слева
","
                                        белый металлик
                                    ","    Да
",25,10000000,220560711.webp,https://kolesa-photos.kcdn.online/webp/93/93053c88-febf-48d7-bdc8-a1ceccaff5af/3-750x470.webp,True
220313193,https://kolesa.kz/a/show/220313193?search_id=a24f0f7c5282b340b07d634ede28c007cb0ee87b&search_type=filter&advert_position=217,2026-06-06 01:40:13.684611+03:00,Kia,K5,"    2019 - н.в. 3 поколение
",2021,"
                                    Астана, Акмолинская область

                            ","    Седан
",бензин,2.0,85000,"    Автомат
","    Передний привод
","    Слева
","
                                        черный металлик
                                    ","    Да
",8,11000000,220313193.webp,https://kolesa-photos.kcdn.online/webp/17/1751c3bf-346f-407c-8d29-a1c9b001b332/3-750x470.webp,True
220957136,https://kolesa.kz/a/show/220957136?search_id=a24f0f7c5282b340b07d634ede28c007cb0ee87b&search_type=filter&advert_position=218,2026-06-06 01:40:22.310857+03:00,Kia,Bongo,"    2012 - н.в. 4 поколение рестайлинг (CT/PU)
",2022,"
                                    Туркестан, Туркестанская область

                            ","    Пикап
",газ,2.5,40000,"    Механика
","    Задний привод
","    Слева
","
                                        белый 
                                    ","    Да
",9,13500000,220957136.webp,https://kolesa-photos.kcdn.online/webp/1f/1fd66d7e-8915-4809-988b-a1d66051a697/2-750x470.webp,True
221984924,https://kolesa.kz/a/show/221984924?search_id=a24f0f7c5282b340b07d634ede28c007cb0ee87b&search_type=filter&advert_position=219,2026-06-06 01:40:28.563199+03:00,Kia,Rio,"    2015 - 2017 3 поколение рестайлинг
",2015,"
                                    Алматы, Алматинская область

                            ","    Седан
",бензин,1.6,199000,"    Автомат
","    Передний привод
","    Слева
","
                                        белый металлик
                                    ","    Да
",12,5500000,221984924.webp,https://kolesa-photos.kcdn.online/webp/81/819476bf-b2af-471c-837b-a1eb2f384580/2-750x470.webp,True
199985807,https://kolesa.kz/a/show/199985807?search_id=a24f0f7c5282b340b07d634ede28c007cb0ee87b&search_type=filter&advert_position=220,2026-06-06 01:40:37.402968+03:00,Kia,Sorento,"    2020 - н.в. 4 поколение (MQ4/MQ4A)
",2021,"
                                    Костанай, Костанайская область

                            ","    Кроссовер
",бензин,2.5,86000,"    Автомат
","    Полный привод
","    Слева
","
                                        белый 
                                    ","    Да
",9,14800000,199985807.webp,https://kolesa-photos.kcdn.online/webp/e2/e2f3e800-76eb-40a7-b18a-9ff863630d2c/4-750x470.webp,True
221922920,https://kolesa.kz/a/show/221922920?search_id=eb3a6545a75b1e43da9f6cfb74e75f749a191632&search_type=filter&advert_position=221,2026-06-06 01:40:47.305273+03:00,Kia,Sportage,"    2016 - 2018 4 поколение
",2018,"
                                    Астана, Акмолинская область

                            ","    Кроссовер
",бензин,2.0,228930,"    Автомат
","    Передний привод
","    Слева
","
                                        серебристый металлик
                                    ","    Да
",4,8000000,221922920.webp,https://kolesa-photos.kcdn.online/webp/7c/7c757d41-326a-4843-96bd-a1e9b91d9f87/4-750x470.webp,True
221904192,https://kolesa.kz/a/show/221904192?search_id=eb3a6545a75b1e43da9f6cfb74e75f749a191632&search_type=filter&advert_position=222,2026-06-06 01:40:54.072900+03:00,Kia,Optima,"    2015 - 2018 4 поколение (JF)
",2016,"
                                    Шымкент, Туркестанская область

                            ","    Седан
",бензин,2.4,185555,"    Автомат
","    Передний привод
","    Слева
","
                                        черный 
                                    ","    Да
",11,8000000,221904192.webp,https://kolesa-photos.kcdn.online/webp/56/564f371d-71d5-431f-a1a2-a1e9775aa2bd/5-750x470.webp,True
221849586,https://kolesa.kz/a/show/221849586?search_id=eb3a6545a75b1e43da9f6cfb74e75f749a191632&search_type=filter&advert_position=223,2026-06-06 01:40:59.702721+03:00,Kia,Sorento,"    2020 - н.в. 4 поколение (MQ4/MQ4A)
",2022,"
                                    Уральск, Западно-Казахстанская область

                            ","    Кроссовер
",бензин,2.5,38000,"    Автомат
","    Передний привод
","    Слева
",,"    Да
",10,16600000,221849586.webp,https://kolesa-photos.kcdn.online/webp/12/12e92e37-ded2-4c47-a914-a1e8ac4c4ef3/1-750x470.webp,True
219442830,https://kolesa.kz/a/show/219442830?search_id=eb3a6545a75b1e43da9f6cfb74e75f749a191632&search_type=filter&advert_position=224,2026-06-06 01:41:05.113986+03:00,Kia,Cee'd,"    2021 - н.в. 3 поколение рестайлинг
",2023,"
                                    Алматы, Алматинская область

                            ","    Универсал
",бензин,1.6,49011,"    Автомат
","    Передний привод
","    Слева
","
                                        белый металлик
                                    ","    Да
",12,9600000,219442830.webp,https://kolesa-photos.kcdn.online/webp/d1/d1f44482-c0d6-4899-892c-a1b87fe7edf1/2-750x470.webp,True
222407938,https://kolesa.kz/a/show/222407938?search_id=eb3a6545a75b1e43da9f6cfb74e75f749a191632&search_type=filter&advert_position=225,2026-06-06 01:41:12.506540+03:00,Kia,K5,"    2019 - н.в. 3 поколение
",2021,"
                                    Караганда, Карагандинская область

                            ","    Седан
",бензин,2.0,112000,"    Автомат
","    Передний привод
","    Слева
",,"    Да
",7,10800000,222407938.webp,https://kolesa-photos.kcdn.online/webp/3b/3b2c0234-ec61-48bd-9b1d-a1f38e8864ea/2-750x470.webp,True
220682091,https://kolesa.kz/a/show/220682091?search_id=eb3a6545a75b1e43da9f6cfb74e75f749a191632&search_type=filter&advert_position=226,2026-06-06 01:41:20.042033+03:00,Kia,Rio,"    2017 - 2020 4 поколение
",2017,"
                                    Усть-Каменогорск, Восточно-Казахстанская область

                            ","    Седан
",бензин,1.6,123000,"    Автомат
","    Передний привод
","    Слева
","
                                        черный металлик
                                    ","    Да
",7,6800000,220682091.webp,https://kolesa-photos.kcdn.online/webp/91/91ce21cc-2282-4fcc-99a6-a1d0f08fe9b6/1-750x470.webp,True
200843446,https://kolesa.kz/a/show/200843446?search_id=eb3a6545a75b1e43da9f6cfb74e75f749a191632&search_type=filter&advert_position=227,2026-06-06 01:41:26.653605+03:00,Kia,K8,"    2021 - н.в. 1 поколение
",2021,"
                                    Астана, Акмолинская область

                            ","    Седан
",бензин,3.5,105000,"    Автомат
","    Передний привод
","    Слева
",,"    Да
",2,14500000,200843446.webp,https://kolesa-photos.kcdn.online/webp/f8/f8ccbc90-dac5-4842-9f81-a00ca333d9e8/1-750x470.webp,True
221943016,https://kolesa.kz/a/show/221943016?search_id=eb3a6545a75b1e43da9f6cfb74e75f749a191632&search_type=filter&advert_position=228,2026-06-06 01:41:36.671260+03:00,Kia,Sorento,"    2012 - 2021 2 поколение рестайлинг (XM)
",2014,"
                                    Караганда, Карагандинская область

                            ","    Кроссовер
",бензин,2.4,173000,"    Автомат
","    Полный привод
","    Слева
","
                                        белый 
                                    ","    Да
",22,9000000,221943016.webp,https://kolesa-photos.kcdn.online/webp/fa/fa8e3caa-d973-400b-aa4e-a1ea8c58a218/1-750x470.webp,True
221894043,https://kolesa.kz/a/show/221894043?search_id=eb3a6545a75b1e43da9f6cfb74e75f749a191632&search_type=filter&advert_position=229,2026-06-06 01:41:42.439269+03:00,Kia,K5,"    2015 - 2021 2 поколение
",2018,"
                                    Алматы, Алматинская область

                            ","    Седан
",бензин,2.0,54000,"    Автомат
","    Передний привод
","    Слева
","
                                        серый 
                                    ","    Да
",15,9700000,221894043.webp,https://kolesa-photos.kcdn.online/webp/fa/fad72dc5-bddc-465f-b3c1-a1e95693317c/2-750x470.webp,True
221878113,https://kolesa.kz/a/show/221878113?search_id=eb3a6545a75b1e43da9f6cfb74e75f749a191632&search_type=filter&advert_position=230,2026-06-06 01:41:51.987757+03:00,Kia,Quoris,"    2012 - 2014 1 поколение (KH)
",2013,"
                                    Актау, Мангистауская область

                            ","    Седан
",бензин,3.8,158000,"    Автомат
","    Задний привод
","    Слева
","
                                        черный 
                                    ","    Да
",8,10000000,221878113.webp,https://kolesa-photos.kcdn.online/webp/7f/7fa1d664-93b4-440b-8a80-a1e91907c731/1-750x470.webp,True
221713019,https://kolesa.kz/a/show/221713019?search_id=eb3a6545a75b1e43da9f6cfb74e75f749a191632&search_type=filter&advert_position=231,2026-06-06 01:41:57.839137+03:00,Kia,Sportage,"    2024 - н.в. 5 поколение рестайлинг
",2025,"
                                    Павлодар, Павлодарская область

                            ","    Кроссовер
",бензин,2.0,6000,"    Автомат
","    Передний привод
","    Слева
","
                                        черный металлик
                                    ","    Да
",15,13500000,221713019.webp,https://kolesa-photos.kcdn.online/webp/a2/a2857703-8c83-4f5e-8be1-a1e567d2f946/2-750x470.webp,True
197943458,https://kolesa.kz/a/show/197943458?search_id=eb3a6545a75b1e43da9f6cfb74e75f749a191632&search_type=filter&advert_position=232,2026-06-06 01:42:05.781901+03:00,Kia,Carnival,"    2014 - 2020 3 поколение (YP)
",2017,"
                                    Шымкент, Туркестанская область

                            ","    Минивэн
",дизель,2.2,290000,"    Автомат
","    Передний привод
","    Слева
","
                                        черный 
                                    ","    Да
",20,12500000,197943458.webp,https://kolesa-photos.kcdn.online/webp/ac/acbdb933-2ae7-4236-9e11-9fc5ff6ce5c7/4-750x470.webp,True
210673643,https://kolesa.kz/a/show/210673643?search_id=eb3a6545a75b1e43da9f6cfb74e75f749a191632&search_type=filter&advert_position=233,2026-06-06 01:42:11.912604+03:00,Kia,Carnival,"    2020 - н.в. 4 поколение (KA4)
",2022,"
                                    Уральск, Западно-Казахстанская область

                            ","    Минивэн
",бензин,3.5,9479,"    Автомат
","    Передний привод
","    Слева
","
                                        белый 
                                    ","    Да
",8,24500000,210673643.webp,https://kolesa-photos.kcdn.online/webp/b6/b63365c2-3914-4732-9e11-a0fb7ddf840e/4-750x470.webp,True
219440933,https://kolesa.kz/a/show/219440933?search_id=eb3a6545a75b1e43da9f6cfb74e75f749a191632&search_type=filter&advert_position=234,2026-06-06 01:42:18.956957+03:00,Kia,Sorento,"    2020 - н.в. 4 поколение (MQ4/MQ4A)
",2021,"
                                    Семей, Абайская область

                            ","    Кроссовер
",бензин,2.5,103000,"    Автомат
","    Полный привод
","    Слева
",,"    Да
",10,15200000,219440933.webp,https://kolesa-photos.kcdn.online/webp/ba/ba148fc1-38e1-4910-a5ac-a1b877c60f24/4-750x470.webp,True
220665714,https://kolesa.kz/a/show/220665714?search_id=eb3a6545a75b1e43da9f6cfb74e75f749a191632&search_type=filter&advert_position=235,2026-06-06 01:42:27.125951+03:00,Kia,Rio,"    2020 - н.в. 4 поколение рестайлинг
",2022,"
                                    Астана, Акмолинская область

                            ","    Седан
",бензин,1.6,108000,"    Автомат
","    Передний привод
","    Слева
","
                                        белый 
                                    ","    Да
",8,8000000,220665714.webp,https://kolesa-photos.kcdn.online/webp/1a/1ac0f39b-aaef-40fd-bbba-a1d0b9d9cb93/2-750x470.webp,True
221753401,https://kolesa.kz/a/show/221753401?search_id=eb3a6545a75b1e43da9f6cfb74e75f749a191632&search_type=filter&advert_position=236,2026-06-06 01:42:34.455715+03:00,Kia,Carnival,"    2014 - 2020 3 поколение (YP)
",2018,"
                                    Алматы, Алматинская область

                            ","    Минивэн
",бензин,3.5,96000,"    Автомат
","    Передний привод
","    Слева
","
                                        черный 
                                    ","    Нет
",23,10500000,221753401.webp,https://kolesa-photos.kcdn.online/webp/4a/4aee7767-e58d-4d14-8e54-a1e68f0143b0/4-750x470.webp,True
222212308,https://kolesa.kz/a/show/222212308?search_id=eb3a6545a75b1e43da9f6cfb74e75f749a191632&search_type=filter&advert_position=237,2026-06-06 01:42:40.208993+03:00,Kia,Picanto,"    2017 - н.в. 3 поколение (JA)
",2019,"
                                    Шымкент, Туркестанская область

                            ","    Хэтчбек
",бензин,1.2,71000,"    Автомат
","    Передний привод
","    Слева
",,"    Да
",11,5900000,222212308.webp,https://kolesa-photos.kcdn.online/webp/d9/d9a6a04b-19fa-4be6-833e-a1ef88afde3a/1-750x470.webp,True
216850742,https://kolesa.kz/a/show/216850742?search_id=eb3a6545a75b1e43da9f6cfb74e75f749a191632&search_type=filter&advert_position=238,2026-06-06 01:42:48.047728+03:00,Kia,Optima,"    2010 - 2013 3 поколение (FSGDS6B)
",2013,"
                                    Петропавловск, Северо-Казахстанская область

                            ","    Седан
",бензин,2.0,175000,"    Автомат
","    Передний привод
","    Слева
","
                                        белый металлик
                                    ","    Да
",13,3800000,216850742.webp,https://kolesa-photos.kcdn.online/webp/c5/c517ed64-b4ba-4d3a-ae3c-a187ff48ff31/5-750x470.webp,True
222407498,https://kolesa.kz/a/show/222407498?search_id=eb3a6545a75b1e43da9f6cfb74e75f749a191632&search_type=filter&advert_position=239,2026-06-06 01:42:54.426622+03:00,Kia,Sportage,"    2018 - н.в. 4 поколение рестайлинг
",2021,"
                                    Астана, Акмолинская область

                            ","    Кроссовер
",бензин,2.0,77000,"    Автомат
","    Полный привод
","    Слева
","
                                        белый 
                                    ","    Да
",16,10900000,222407498.webp,https://kolesa-photos.kcdn.online/webp/af/afeffc3d-7269-4975-894a-a1f38d05eb6d/2-750x470.webp,True
215784227,https://kolesa.kz/a/show/215784227?search_id=eb3a6545a75b1e43da9f6cfb74e75f749a191632&search_type=filter&advert_position=240,2026-06-06 01:43:02.897904+03:00,Kia,Sportage,"    2021 - н.в. 5 поколение
",2025,"
                                    Алматы, Алматинская область

                            ","    Кроссовер
",бензин,2.0,23021,"    Автомат
","    Передний привод
","    Слева
","
                                        серый 
                                    ","    Да
",8,11800000,215784227.webp,https://kolesa-photos.kcdn.online/webp/7d/7d451f0f-30e6-458e-99d3-a17031e4ef3e/3-750x470.webp,True
221500479,https://kolesa.kz/a/show/221500479?search_id=6b24e4b84f45b4eafe0cb09b170dca8622ccb00e&search_type=filter&advert_position=242,2026-06-06 01:43:21.807808+03:00,Kia,Rio X-Line,"    2017 - 2021 1 поколение
",2020,"
                                    Караганда, Карагандинская область

                            ","    Хэтчбек
",бензин,1.6,96000,"    Автомат
","    Передний привод
","    Слева
","
                                        белый 
                                    ","    Да
",20,6800000,221500479.webp,https://kolesa-photos.kcdn.online/webp/8a/8a7ac963-c533-4217-827e-a1e1491f9880/3-750x470.webp,True
222350997,https://kolesa.kz/a/show/222350997?search_id=6b24e4b84f45b4eafe0cb09b170dca8622ccb00e&search_type=filter&advert_position=244,2026-06-06 01:43:38.181020+03:00,Kia,Rio,"    2015 - 2017 3 поколение рестайлинг
",2015,"
                                    Алматы, Алматинская область

                            ","    Седан
",бензин,1.6,230000,"    Автомат
","    Передний привод
","    Слева
",,"    Да
",13,4200000,222350997.webp,https://kolesa-photos.kcdn.online/webp/c1/c172c4a5-7662-4e22-9dca-a1f2a84d527d/4-750x470.webp,True
220058852,https://kolesa.kz/a/show/220058852?search_id=6b24e4b84f45b4eafe0cb09b170dca8622ccb00e&search_type=filter&advert_position=246,2026-06-06 01:43:52.366136+03:00,Kia,Rio,"    2011 - 2015 3 поколение (UB)
",2013,"
                                    Костанай, Костанайская область

                            ","    Седан
",бензин,1.6,253000,"    Автомат
","    Передний привод
","    Слева
","
                                        белый металлик
                                    ","    Да
",6,4150000,220058852.webp,https://kolesa-photos.kcdn.online/webp/f6/f6259f2a-810c-47f7-b71f-a1c4f0c1f193/11-750x470.webp,True
206179344,https://kolesa.kz/a/show/206179344?search_id=6b24e4b84f45b4eafe0cb09b170dca8622ccb00e&search_type=filter&advert_position=247,2026-06-06 01:43:59.909303+03:00,Kia,K8,"    2024 - н.в. 1 рестайлинг
",2025,"
                                    Астана, Акмолинская область

                            ","    Седан
",бензин,2.5,5000,"    Автомат
","    Передний привод
","    Слева
","
                                        серый металлик
                                    ","    Да
",88,22000000,206179344.webp,https://kolesa-photos.kcdn.online/webp/aa/aa5e4990-ea4b-4680-9353-a08c6f54daf5/5-750x470.webp,True
220797651,https://kolesa.kz/a/show/220797651?search_id=6b24e4b84f45b4eafe0cb09b170dca8622ccb00e&search_type=filter&advert_position=248,2026-06-06 01:44:08.850786+03:00,Kia,Mohave,"    2019 - н.в. 1 поколение [2-й рестайлинг] (HM2)
",2022,"
                                    Алматы, Алматинская область

                            ","    Внедорожник
",дизель,3.0,17800,"    Автомат
","    Полный привод
","    Слева
","
                                        черный металлик
                                    ","    Да
",18,21800000,220797651.webp,https://kolesa-photos.kcdn.online/webp/0b/0b3ea02d-37e0-4d38-8863-a1d31034768c/4-750x470.webp,True
221710280,https://kolesa.kz/a/show/221710280?search_id=6b24e4b84f45b4eafe0cb09b170dca8622ccb00e&search_type=filter&advert_position=249,2026-06-06 01:44:14.903150+03:00,Kia,Rio,"    2011 - 2015 3 поколение (UB)
",2012,"
                                    Алматы, Алматинская область

                            ","    Седан
",бензин,1.4,249812,"    Автомат
","    Передний привод
","    Слева
","
                                        серебристый 
                                    ","    Да
",12,4200000,221710280.webp,https://kolesa-photos.kcdn.online/webp/8a/8ac0ae2d-2225-4153-b8bd-a1e55eab8180/2-750x470.webp,True
216971616,https://kolesa.kz/a/show/216971616?search_id=6b24e4b84f45b4eafe0cb09b170dca8622ccb00e&search_type=filter&advert_position=251,2026-06-06 01:44:59.117411+03:00,Kia,Carnival,"    2014 - 2020 3 поколение (YP)
",2018,"
                                    Алматы, Алматинская область

                            ","    Минивэн
",дизель,2.2,210000,"    Автомат
","    Передний привод
","    Слева
","
                                        черный 
                                    ","    Да
",10,11200000,216971616.webp,https://kolesa-photos.kcdn.online/webp/e6/e69bc7f6-c6ec-47bf-8061-a18a2a7bf941/6-750x470.webp,False
182273031,https://kolesa.kz/a/show/182273031?search_id=6b24e4b84f45b4eafe0cb09b170dca8622ccb00e&search_type=filter&advert_position=255,2026-06-06 01:45:53.754900+03:00,Kia,Stinger,"    2017 - 2021 1 поколение
",2019,"
                                    Атырау, Атырауская область

                            ","    Лифтбек
",бензин,2.0,150000,"    Автомат
","    Задний привод
","    Слева
","
                                        серебристый металлик
                                    ","    Да
",10,8000000,182273031.webp,https://kolesa-photos.kcdn.online/webp/a2/a25ed1ac-3efe-4f63-b880-9e2f42b5e754/8-750x470.webp,True
212092435,https://kolesa.kz/a/show/212092435?search_id=6b24e4b84f45b4eafe0cb09b170dca8622ccb00e&search_type=filter&advert_position=256,2026-06-06 01:46:02.543108+03:00,Kia,Sportage,"    2014 - 2016 3 поколение рестайлинг (QL/QLE)
",2015,"
                                    Астана, Акмолинская область

                            ","    Кроссовер
",бензин,2.0,181000,"    Автомат
","    Передний привод
","    Слева
","
                                        белый 
                                    ","    Да
",37,7900000,212092435.webp,https://kolesa-photos.kcdn.online/webp/de/de20e336-0ac4-4ce5-9a7d-a11df1ea9081/4-750x470.webp,True
216874008,https://kolesa.kz/a/show/216874008?search_id=6b24e4b84f45b4eafe0cb09b170dca8622ccb00e&search_type=filter&advert_position=257,2026-06-06 01:46:11.006954+03:00,Kia,Cerato,"    2021 - н.в. 4 поколение рестайлинг (BD)
",2022,"
                                    Алматы, Алматинская область

                            ","    Седан
",бензин,2.0,55000,"    Автомат
","    Передний привод
","    Слева
","
                                        серый 
                                    ","    Да
",14,10700000,216874008.webp,https://kolesa-photos.kcdn.online/webp/30/3060c773-b9f1-4095-b440-a18859d841f5/15-750x470.webp,True
220872213,https://kolesa.kz/a/show/220872213?search_id=6b24e4b84f45b4eafe0cb09b170dca8622ccb00e&search_type=filter&advert_position=258,2026-06-06 01:46:17.208655+03:00,Kia,K7,"    2019 - 2021 2 поколение рестайлинг
",2020,"
                                    Алматы, Алматинская область

                            ","    Седан
",бензин,2.5,85000,"    Автомат
","    Передний привод
","    Слева
","
                                        черный 
                                    ","    Да
",12,13000000,220872213.webp,https://kolesa-photos.kcdn.online/webp/6a/6ac5c563-ed85-43af-8af0-a1d4ac37cd70/12-750x470.webp,True
222308786,https://kolesa.kz/a/show/222308786?search_id=6b24e4b84f45b4eafe0cb09b170dca8622ccb00e&search_type=filter&advert_position=259,2026-06-06 01:46:25.096233+03:00,Kia,K5,"    2015 - 2021 2 поколение
",2018,"
                                    Шымкент, Туркестанская область

                            ","    Седан
",бензин,2.0,146000,"    Автомат
","    Передний привод
","    Слева
",,"    Да
",12,9000000,222308786.webp,https://kolesa-photos.kcdn.online/webp/78/780aa60f-109e-43fa-b7bb-a1f17ff799fb/3-750x470.webp,True
217727999,https://kolesa.kz/a/show/217727999?search_id=6b24e4b84f45b4eafe0cb09b170dca8622ccb00e&search_type=filter&advert_position=260,2026-06-06 01:46:32.331113+03:00,Kia,Sportage,"    2016 - 2018 4 поколение
",2018,"
                                    Актобе, Актюбинская область

                            ","    Кроссовер
",бензин,2.4,118646,"    Автомат
","    Полный привод
","    Слева
",,"    Да
",8,8750000,217727999.webp,https://kolesa-photos.kcdn.online/webp/20/20be2f97-10e7-42d7-a54d-a19876b1941a/2-750x470.webp,True
218870651,https://kolesa.kz/a/show/218870651?search_id=d36050a7be01d18f2853c3aae13b6f7bbf420531&search_type=filter&advert_position=261,2026-06-06 01:46:44.967548+03:00,Kia,K5,"    2013 - 2015 1 поколение рестайлинг
",2015,"
                                    Алматы, Алматинская область

                            ","    Седан
",бензин,2.4,193500,"    Автомат
","    Передний привод
","    Слева
","
                                        белый 
                                    ","    Да
",22,7500000,218870651.webp,https://kolesa-photos.kcdn.online/webp/c1/c19acd98-9a45-4a83-8d07-a1ad5315c3c2/4-750x470.webp,True
183753327,https://kolesa.kz/a/show/183753327?search_id=d36050a7be01d18f2853c3aae13b6f7bbf420531&search_type=filter&advert_position=262,2026-06-06 01:46:51.780617+03:00,Kia,Sportage,"    2021 - н.в. 5 поколение
",2024,"
                                    Костанай, Костанайская область

                            ","    Кроссовер
",бензин,2.5,66000,"    Автомат
","    Полный привод
","    Слева
","
                                        серый металлик
                                    ","    Да
",15,13700000,183753327.webp,https://kolesa-photos.kcdn.online/webp/35/35f61633-5a03-4bf2-b44f-9e6c96186be0/1-750x470.webp,True
210588596,https://kolesa.kz/a/show/210588596?search_id=d36050a7be01d18f2853c3aae13b6f7bbf420531&search_type=filter&advert_position=263,2026-06-06 01:47:00.722163+03:00,Kia,Cerato,"    2021 - н.в. 4 поколение рестайлинг (BD)
",2023,"
                                    Алматы, Алматинская область

                            ","    Седан
",бензин,2.0,30500,"    Автомат
","    Передний привод
","    Слева
","
                                        серый металлик
                                    ","    Да
",30,12500000,210588596.webp,https://kolesa-photos.kcdn.online/webp/ab/abe9eace-5aca-45e9-af4b-a0f9781d72d1/4-750x470.webp,True
220873080,https://kolesa.kz/a/show/220873080?search_id=d36050a7be01d18f2853c3aae13b6f7bbf420531&search_type=filter&advert_position=264,2026-06-06 01:47:08.177890+03:00,Kia,K7,"    2016 - 2019 2 поколение
",2017,"
                                    Астана, Акмолинская область

                            ","    Седан
",бензин,2.4,220000,"    Автомат
","    Передний привод
","    Слева
","
                                        черный металлик
                                    ","    Да
",47,10440000,220873080.webp,https://kolesa-photos.kcdn.online/webp/70/70aebaf8-8457-49db-9480-a1d4aee4b150/3-750x470.webp,True
217858916,https://kolesa.kz/a/show/217858916?search_id=d36050a7be01d18f2853c3aae13b6f7bbf420531&search_type=filter&advert_position=273,2026-06-06 01:49:42.646793+03:00,Kia,K7,"    2016 - 2019 2 поколение
",2018,"
                                    Алматы, Алматинская область

                            ","    Седан
",бензин,2.4,158000,"    Автомат
","    Передний привод
","    Слева
","
                                        черный 
                                    ","    Да
",17,9000000,217858916.webp,https://kolesa-photos.kcdn.online/webp/75/75ed342b-9516-458c-b854-a19ab32467ed/1-750x470.webp,True
221862896,https://kolesa.kz/a/show/221862896?search_id=d36050a7be01d18f2853c3aae13b6f7bbf420531&search_type=filter&advert_position=275,2026-06-06 01:49:54.490230+03:00,Kia,K5,"    2019 - н.в. 3 поколение
",2021,"
                                    Алматы, Алматинская область

                            ","    Седан
",бензин,2.0,83000,"    Автомат
","    Передний привод
","    Слева
","
                                        черный металлик
                                    ","    Да
",7,10300000,221862896.webp,https://kolesa-photos.kcdn.online/webp/73/739aca40-b8a9-45a3-ad2c-a1e8df36b44f/3-750x470.webp,True
221576875,https://kolesa.kz/a/show/221576875?search_id=d36050a7be01d18f2853c3aae13b6f7bbf420531&search_type=filter&advert_position=276,2026-06-06 01:50:01.899029+03:00,Kia,Rio,"    2020 - н.в. 4 поколение рестайлинг
",2021,"
                                    Алматы, Алматинская область

                            ","    Седан
",бензин,1.6,66000,"    Автомат
","    Передний привод
","    Слева
","
                                        белый 
                                    ","    Да
",17,6500000,221576875.webp,https://kolesa-photos.kcdn.online/webp/95/95bb90ae-034b-4d8f-9806-a1e2e8045c65/2-750x470.webp,True
217251565,https://kolesa.kz/a/show/217251565?search_id=d36050a7be01d18f2853c3aae13b6f7bbf420531&search_type=filter&advert_position=277,2026-06-06 01:50:07.596154+03:00,Kia,K5,"    2019 - н.в. 3 поколение
",2021,"
                                    Шымкент, Туркестанская область

                            ","    Седан
",бензин,2.0,106000,"    Автомат
","    Передний привод
","    Слева
","
                                        белый 
                                    ","    Да
",6,11500000,217251565.webp,https://kolesa-photos.kcdn.online/webp/3e/3e29c75c-0225-4a08-957c-a18f8310d083/3-750x470.webp,True
221812968,https://kolesa.kz/a/show/221812968?search_id=d36050a7be01d18f2853c3aae13b6f7bbf420531&search_type=filter&advert_position=278,2026-06-06 01:50:15.688858+03:00,Kia,Optima,"    2015 - 2018 4 поколение (JF)
",2018,"
                                    Талдыкорган, Жетысуская область

                            ","    Седан
",бензин,2.4,198029,"    Автомат
","    Передний привод
","    Слева
","
                                        серый 
                                    ","    Да
",24,8490000,221812968.webp,https://kolesa-photos.kcdn.online/webp/ae/aeb97669-b8a8-4029-8e8c-a1e782f47588/11-750x470.webp,True
210816763,https://kolesa.kz/a/show/210816763?search_id=d36050a7be01d18f2853c3aae13b6f7bbf420531&search_type=filter&advert_position=279,2026-06-06 01:50:24.389035+03:00,Kia,Soul,"    2008 - 2011 1 поколение (AM)
",2009,"
                                    Алматы, Алматинская область

                            ","    Хэтчбек
",бензин,1.6,230123,"    Автомат
","    Передний привод
","    Слева
","
                                        белый 
                                    ","    Да
",6,4300000,210816763.webp,https://kolesa-photos.kcdn.online/webp/02/02f44727-29da-4dfb-a28b-a0ff4d065eaa/2-750x470.webp,True
221142863,https://kolesa.kz/a/show/221142863?search_id=d36050a7be01d18f2853c3aae13b6f7bbf420531&search_type=filter&advert_position=280,2026-06-06 01:50:33.075863+03:00,Kia,Sorento,"    2017 - 2020 3 поколение рестайлинг (UM)
",2019,"
                                    Актау, Мангистауская область

                            ","    Кроссовер
",бензин,2.4,109344,"    Автомат
","    Передний привод
","    Слева
","
                                        серый металлик
                                    ","    Нет
",12,6500000,221142863.webp,https://kolesa-photos.kcdn.online/webp/6f/6f68a6f6-fb26-44bf-b903-a1d9de9cfd37/3-750x470.webp,True
222405586,https://kolesa.kz/a/show/222405586?search_id=3867f1f07829656869584dc5ddca3b524bb14683&search_type=filter&advert_position=281,2026-06-06 01:50:48.293674+03:00,Kia,K5,"    2023 - н.в. 3 поколение рестайлинг
",2026,"
                                    Тараз, Жамбылская область

                            ","    Седан
",бензин,2.0,2222,"    Автомат
","    Передний привод
","    Слева
","
                                        белый металлик
                                    ","    Да
",23,16700000,222405586.webp,https://kolesa-photos.kcdn.online/webp/33/33f5b598-2591-4cfc-a85a-a1f38746ea3d/3-750x470.webp,True
222182242,https://kolesa.kz/a/show/222182242?search_id=3867f1f07829656869584dc5ddca3b524bb14683&search_type=filter&advert_position=282,2026-06-06 01:50:54.702087+03:00,Kia,Bongo,"    2012 - н.в. 4 поколение рестайлинг (CT/PU)
",2022,"
                                    Туркестан, Туркестанская область

                            ","    Пикап
",газ-бензин,2.4,85000,"    Механика
","    Задний привод
","    Слева
",,"    Да
",11,12000000,222182242.webp,https://kolesa-photos.kcdn.online/webp/f5/f5bdff97-e7db-4c20-bc9f-a1ef17de12a7/3-750x470.webp,True
222402858,https://kolesa.kz/a/show/222402858?search_id=3867f1f07829656869584dc5ddca3b524bb14683&search_type=filter&advert_position=283,2026-06-06 01:51:03.529207+03:00,Kia,K5,"    2010 - 2013 1 поколение
",2010,"
                                    Алматы, Алматинская область

                            ","    Седан
",бензин,2.0,150000,"    Автомат
","    Передний привод
","    Слева
","
                                        белый 
                                    ","    Да
",36,7700000,222402858.webp,https://kolesa-photos.kcdn.online/webp/24/245b9e2c-d379-4781-963e-a1f37e29e9a7/4-750x470.webp,True
222393150,https://kolesa.kz/a/show/222393150?search_id=3867f1f07829656869584dc5ddca3b524bb14683&search_type=filter&advert_position=284,2026-06-06 01:51:11.136080+03:00,Kia,Sorento,"    2009 - 2014 2 поколение (XM)
",2014,"
                                    Уральск, Западно-Казахстанская область

                            ","    Кроссовер
",бензин,2.4,180000,"    Механика
","    Полный привод
","    Слева
",,"    Да
",2,4800000,222393150.webp,https://kolesa-photos.kcdn.online/webp/b0/b0a7b09f-2c61-4f88-9b6d-a1f356493bc6/1-750x470.webp,True
222121866,https://kolesa.kz/a/show/222121866?search_id=3867f1f07829656869584dc5ddca3b524bb14683&search_type=filter&advert_position=285,2026-06-06 01:51:17.174648+03:00,Kia,Optima,"    2013 - 2015 3 поколение рестайлинг
",2015,"
                                    Костанай, Костанайская область

                            ","    Седан
",бензин,2.4,157000,"    Автомат
","    Передний привод
","    Слева
","
                                        белый металлик
                                    ","    Да
",21,8000000,222121866.webp,https://kolesa-photos.kcdn.online/webp/50/50e735e3-de1f-48ef-9861-a1eda75ccac7/2-750x470.webp,True
198154946,https://kolesa.kz/a/show/198154946?search_id=3867f1f07829656869584dc5ddca3b524bb14683&search_type=filter&advert_position=286,2026-06-06 01:51:25.133729+03:00,Kia,Carnival,"    2014 - 2020 3 поколение (YP)
",2019,"
                                    Актау, Мангистауская область

                            ","    Минивэн
",бензин,3.3,120000,"    Автомат
","    Передний привод
","    Слева
","
                                        черный металлик
                                    ","    Да
",13,16000000,198154946.webp,https://kolesa-photos.kcdn.online/webp/64/64feb7f1-2312-43ae-b1af-9fca64ca9187/3-750x470.webp,True
221142051,https://kolesa.kz/a/show/221142051?search_id=3867f1f07829656869584dc5ddca3b524bb14683&search_type=filter&advert_position=287,2026-06-06 01:51:31.055042+03:00,Kia,Carnival,"    2020 - н.в. 4 поколение (KA4)
",2023,"
                                    Караганда, Карагандинская область

                            ","    Минивэн
",бензин,3.5,5000,"    Автомат
","    Передний привод
","    Слева
",,"    Да
",13,26900000,221142051.webp,https://kolesa-photos.kcdn.online/webp/73/7339a1fb-6d71-4126-98fd-a1d9d53bbd43/1-750x470.webp,True
194816352,https://kolesa.kz/a/show/194816352?search_id=3867f1f07829656869584dc5ddca3b524bb14683&search_type=filter&advert_position=288,2026-06-06 01:51:39.753768+03:00,Kia,K5,"    2015 - 2021 2 поколение
",2018,"
                                    Алматы, Алматинская область

                            ","    Седан
",газ,2.0,185000,"    Автомат
","    Передний привод
","    Слева
","
                                        серебристый металлик
                                    ","    Да
",5,8500000,194816352.webp,https://kolesa-photos.kcdn.online/webp/78/78157e3e-f459-427e-a57b-9f79b4e551e5/2-750x470.webp,True
221751151,https://kolesa.kz/a/show/221751151?search_id=3867f1f07829656869584dc5ddca3b524bb14683&search_type=filter&advert_position=289,2026-06-06 01:51:47.684899+03:00,Kia,Rio,"    2011 - 2015 3 поколение (UB)
",2012,"
                                    Алматы, Алматинская область

                            ","    Седан
",бензин,1.6,221566,"    Автомат
","    Передний привод
","    Слева
","
                                        синий 
                                    ","    Да
",8,3700000,221751151.webp,https://kolesa-photos.kcdn.online/webp/65/65b0024d-b4a5-441f-b46d-a1e680e625c4/2-750x470.webp,True
222227784,https://kolesa.kz/a/show/222227784?search_id=3867f1f07829656869584dc5ddca3b524bb14683&search_type=filter&advert_position=290,2026-06-06 01:51:56.258090+03:00,Kia,Sportage,"    2014 - 2016 3 поколение рестайлинг (QL/QLE)
",2014,"
                                    Актобе, Актюбинская область

                            ","    Кроссовер
",бензин,2.0,161000,"    Автомат
","    Полный привод
","    Слева
",,"    Да
",10,7200000,222227784.webp,https://kolesa-photos.kcdn.online/webp/fd/fdc5b4c3-e2f8-47b8-bf5a-a1efbf8e9932/17-750x470.webp,True
222218718,https://kolesa.kz/a/show/222218718?search_id=3867f1f07829656869584dc5ddca3b524bb14683&search_type=filter&advert_position=291,2026-06-06 01:52:05.153916+03:00,Kia,Rio,"    2011 - 2015 3 поколение (UB)
",2014,"
                                    Алматы, Алматинская область

                            ","    Седан
",бензин,1.6,248000,"    Автомат
","    Передний привод
","    Слева
","
                                        белый 
                                    ","    Да
",8,5200000,222218718.webp,https://kolesa-photos.kcdn.online/webp/c4/c4b36782-b0c6-4d1d-ba37-a1ef9e4f32b4/4-750x470.webp,True
222203776,https://kolesa.kz/a/show/222203776?search_id=3867f1f07829656869584dc5ddca3b524bb14683&search_type=filter&advert_position=292,2026-06-06 01:52:14.179962+03:00,Kia,Cerato,"    2013 - 2016 3 поколение (YD)
",2015,"
                                    Костанай, Костанайская область

                            ","    Седан
",бензин,1.6,192000,"    Автомат
","    Передний привод
","    Слева
",,"    Да
",8,5400000,222203776.webp,https://kolesa-photos.kcdn.online/webp/61/61d5c213-2ed7-4a7e-b09f-a1ef69f7a0ae/3-750x470.webp,True
217259446,https://kolesa.kz/a/show/217259446?search_id=3867f1f07829656869584dc5ddca3b524bb14683&search_type=filter&advert_position=293,2026-06-06 01:52:23.131354+03:00,Kia,Sorento,"    2012 - 2021 2 поколение рестайлинг (XM)
",2013,"
                                    Караганда, Карагандинская область

                            ","    Кроссовер
",бензин,3.5,208715,"    Автомат
","    Полный привод
","    Слева
",,"    Да
",36,8200000,217259446.webp,https://kolesa-photos.kcdn.online/webp/cf/cfb82dec-f2d8-49e3-a056-a190041f2207/77-750x470.webp,True
221098231,https://kolesa.kz/a/show/221098231?search_id=3867f1f07829656869584dc5ddca3b524bb14683&search_type=filter&advert_position=294,2026-06-06 01:52:32.486236+03:00,Kia,Seltos,"    2019 - н.в. 1 поколение (SP2)
",2023,"
                                    Шымкент, Туркестанская область

                            ","    Кроссовер
",бензин,1.6,36000,"    Автомат
","    Передний привод
","    Слева
","
                                        белый металлик
                                    ","    Да
",5,13000000,221098231.webp,https://kolesa-photos.kcdn.online/webp/bd/bd11758d-f287-4cec-bfaf-a1d922251aae/2-750x470.webp,True
222161015,https://kolesa.kz/a/show/222161015?search_id=3867f1f07829656869584dc5ddca3b524bb14683&search_type=filter&advert_position=295,2026-06-06 01:52:39.396376+03:00,Kia,Sportage,"    2014 - 2016 3 поколение рестайлинг (QL/QLE)
",2014,"
                                    Шымкент, Туркестанская область

                            ","    Кроссовер
",бензин,2.0,226112,"    Автомат
","    Передний привод
","    Слева
","
                                        коричневый 
                                    ","    Да
",25,6590000,222161015.webp,https://kolesa-photos.kcdn.online/webp/bd/bd5dae53-3d86-4467-9cf1-a1eecab2fd1f/5-750x470.webp,True
221052865,https://kolesa.kz/a/show/221052865?search_id=3867f1f07829656869584dc5ddca3b524bb14683&search_type=filter&advert_position=298,2026-06-06 01:53:35.944812+03:00,Kia,Rio,"    2011 - 2015 3 поколение (UB)
",2014,"
                                    Шымкент, Туркестанская область

                            ","    Седан
",бензин,1.6,320000,"    Автомат
","    Передний привод
","    Слева
",,"    Да
",6,4400000,221052865.webp,https://kolesa-photos.kcdn.online/webp/d4/d4cd02a1-34aa-4d9a-b0e4-a1d84eddd251/2-750x470.webp,False
222372916,https://kolesa.kz/a/show/222372916?search_id=3867f1f07829656869584dc5ddca3b524bb14683&search_type=filter&advert_position=299,2026-06-06 01:53:42.628731+03:00,Kia,Sportage,"    2010 - 2014 3 поколение (SL)
",2014,"
                                    Астана, Акмолинская область

                            ","    Кроссовер
",бензин,2.0,158000,"    Автомат
","    Полный привод
","    Слева
","
                                        белый металлик
                                    ","    Да
",8,6500000,222372916.webp,https://kolesa-photos.kcdn.online/webp/41/4100c6d0-96f7-4566-ad68-a1f304339696/1-750x470.webp,True
222283779,https://kolesa.kz/a/show/222283779?search_id=3867f1f07829656869584dc5ddca3b524bb14683&search_type=filter&advert_position=300,2026-06-06 01:53:48.404730+03:00,Kia,K5,"    2010 - 2013 1 поколение
",2010,"
                                    Алматы, Алматинская область

                            ","    Седан
",бензин,8.0,179000,"    Автомат
","    Передний привод
","    Слева
","
                                        серебристый металлик
                                    ","    Нет
",6,7800000,222283779.webp,https://kolesa-photos.kcdn.online/webp/ea/ea8fcddb-5da5-4d96-b630-a1f121f11492/3-750x470.webp,True
